,schedule_date,schedule_season,schedule_week,schedule_playoff,team_home,team_away,team_favorite_id,spread_favorite,over_under_line,stadium_x,stadium_neutral,weather_temperature,weather_wind_mph,weather_humidity,weather_detail,game_id,game_type,week,gameday,weekday,gametime,away_score,home_score,home_result,stadium_y,location,roof,surface,old_game_id,home_win,away_win,tie,favorite_win,upset_win,total_score,state,State_x,Total Aggravated Assaults,Firearms,Knives or Cutting Instruments,Other Weapons,Personal Weapons,Agency Count,Population,State,"Total
robberies1_y",home_qb,away_qb,TD_QB_home,TD_QB_away,Comp_QB_home,Comp_QB_away,Yards_QB_home,Yards_QB_away
0,9/8/2016,2016,1,False,DEN,CAR,CAR,-3.0,40.5,Sports Authority Field at Mile High,False,82.0,2.0,,,2016_01_CAR_DEN,REG,1,9/8/2016,Thursday,20:30,20,21,1,Sports Authority Field at Mile High,Home,outdoors,grass,2016090800,True,False,False,False,True,41,Colorado,Colorado,"11,271","3,590","2,651","2,778","2,252",197,"51,09,023",Colorado,"3,432", 26. Trevor Siemian, 15. Cam Newton,18.0,24.0,289.0,270.0,3401.0,3509.0
1,9/11/2016,2016,1,False,ARI,NE,ARI,-8.5,44,University of Phoenix Stadium,False,72.0,0.0,,indoor,2016_01_NE_ARI,REG,1,9/11/2016,Sunday,20:30,23,21,-2,University of Phoenix Stadium,Home,closed,grass,2016091112,False,True,False,False,True,44,Arizona,Arizona,"19,232","5,024","2,822","4,559","6,827",90,"65,14,042",Arizona,"6,882", 14. Carson Palmer, 21. Tom Brady,26.0,28.0,365.0,291.0,4237.0,3554.0
2,9/11/2016,2016,1,False,ATL,TB,ATL,-2.5,47,Georgia Dome,False,72.0,0.0,,indoor,2016_01_TB_ATL,REG,1,9/11/2016,Sunday,13:00,31,24,-7,Georgia Dome,Home,dome,fieldturf,2016091100,False,True,False,False,True,55,Georgia,Georgia,"22,896","8,329","3,204","5,867","5,496",504,"96,39,636",Georgia,"11,935", 3. Matt Ryan, 10. Jameis Winston,38.0,29.0,373.0,345.0,4944.0,4090.0
3,9/11/2016,2016,1,False,BAL,BUF,BAL,-3.0,44.5,M&T Bank Stadium,False,82.0,7.0,,,2016_01_BUF_BAL,REG,1,9/11/2016,Sunday,13:00,7,13,6,M&T Bank Stadium,Home,outdoors,grass,2016091101,True,False,False,True,False,20,Maryland,Maryland,"14,595","2,474","3,420","5,387","3,314",148,"53,12,551",Maryland,"9,660", 18. Joe Flacco, 19. Tyrod Taylor,22.0,23.0,437.0,270.0,4317.0,3023.0
4,9/11/2016,2016,1,False,DAL,NYG,NYG,-1.0,47.5,Cowboys Stadium,False,72.0,0.0,,indoor,2016_01_NYG_DAL,REG,1,9/11/2016,Sunday,16:25,20,19,-1,AT&T Stadium,Home,closed,matrixturf,2016091110,False,True,False,True,False,39,Texas,Texas,"71,583","21,222","14,482","22,677","13,202",984,"2,73,40,228",Texas,"33,015", 9. Dak Prescott, 20. Eli Manning,29.0,26.0,311.0,377.0,3667.0,4027.0
5,9/11/2016,2016,1,False,HOU,CHI,HOU,-5.5,42.5,Reliant Stadium,False,87.0,2.0,,retractable (open roof),2016_01_CHI_HOU,REG,1,9/11/2016,Sunday,13:00,14,23,9,NRG Stadium,Home,closed,fieldturf,2016091102,True,False,False,True,False,37,Texas,Texas,"71,583","21,222","14,482","22,677","13,202",984,"2,73,40,228",Texas,"33,015", 28. Brock Osweiler, 31. Matt Barkley,17.0,8.0,301.0,129.0,2957.0,1611.0
6,9/11/2016,2016,1,False,IND,DET,IND,-2.5,51.5,Lucas Oil Stadium,False,72.0,0.0,,indoor,2016_01_DET_IND,REG,1,9/11/2016,Sunday,16:25,39,35,-4,Lucas Oil Stadium,Home,open,fieldturf,2016091111,False,True,False,False,True,74,Indiana,Indiana,"14,225","3,233","1,506","3,876","5,610",217,"46,63,407",Indiana,"6,883", 4. Andrew Luck, 7. Matthew Stafford,33.0,26.0,346.0,388.0,4240.0,4327.0
7,9/11/2016,2016,1,False,JAX,GB,GB,-3.5,47.5,EverBank Field,False,91.0,1.0,,,2016_01_GB_JAX,REG,1,9/11/2016,Sunday,13:00,27,23,-4,EverBank Field,Home,outdoors,grass,2016091103,False,True,False,True,False,50,Florida,Florida,"59,678","17,506","10,874","21,084","10,214",668,"2,05,66,240",Florida,"20,132",, 1. Aaron Rodgers,,44.0,,401.0,,4428.0
8,9/11/2016,2016,1,False,NYJ,CIN,CIN,-1.0,42,MetLife Stadium,False,80.0,9.0,,,2016_01_CIN_NYJ,REG,1,9/11/2016,Sunday,13:00,23,22,-1,MetLife Stadium,Home,outdoors,fieldturf,2016091106,False,True,False,True,False,45,New York,New York,"44,896","4,943","11,305","13,527","15,121",549,"1,95,08,097",New York,"22,247", 29. Ryan Fitzpatrick, 12. Andy Dalton,12.0,22.0,229.0,364.0,2709.0,4206.0
9,9/11/2016,2016,1,False,PHI,CLE,PHI,-3.5,41,Lincoln Financial Field,False,83.0,9.0,,,2016_01_CLE_PHI,REG,1,9/11/2016,Sunday,13:00,10,29,19,Lincoln Financial Field,Home,outdoors,grass,2016091107,True,False,False,True,False,39,Pennsylvania,Pennsylvania,"20,817","4,731","3,033","4,977","8,076","1,241","1,16,91,589",Pennsylvania,"11,764", 22. Carson Wentz, 34. Cody Kessler,18.0,6.0,379.0,128.0,3782.0,1380.0
10,9/11/2016,2016,1,False,SEA,MIA,SEA,-10.5,44,CenturyLink Field,False,64.0,2.0,,,2016_01_MIA_SEA,REG,1,9/11/2016,Sunday,16:05,10,12,2,CenturyLink Field,Home,outdoors,fieldturf,2016091109,True,False,False,True,False,22,Washington,Washington,"12,907","2,708","1,987","4,012","4,200",236,"72,63,284",Washington,"5,596", 11. Russell Wilson, 25. Ryan Tannehill,22.0,20.0,353.0,261.0,4219.0,2997.0
11,9/11/2016,2016,1,False,TEN,MIN,MIN,-2.5,40,Nissan Stadium,False,77.0,3.0,,,2016_01_MIN_TEN,REG,1,9/11/2016,Sunday,13:00,25,16,-9,Nissan Stadium,Home,outdoors,grass,2016091108,False,True,False,True,False,41,Tennessee,Tennessee,"30,777","10,924","5,361","11,120","3,372",462,"66,10,985",Tennessee,"7,770", 13. Marcus Mariota, 23. Sam Bradford,28.0,20.0,276.0,395.0,3426.0,3877.0
12,9/12/2016,2016,1,False,SF,LA,LAR,-2.5,43.5,Levi's Stadium,False,66.0,17.0,,,2016_01_LA_SF,REG,1,9/12/2016,Monday,22:20,0,28,28,Levi's Stadium,Home,outdoors,grass,2016091201,True,False,False,False,False,28,California,California,"1,04,295","20,633","17,156","36,031","30,475",732,"3,92,09,622",California,"54,762", 27. Colin Kaepernick,,18.0,,196.0,,2241.0,
13,9/12/2016,2016,1,False,WAS,PIT,PIT,-2.5,49,FedEx Field,False,76.0,3.0,,,2016_01_PIT_WAS,REG,1,9/12/2016,Monday,19:10,38,16,-22,FedExField,Home,outdoors,grass,2016091200,False,True,False,True,False,54,Maryland,Maryland,"14,595","2,474","3,420","5,387","3,314",148,"53,12,551",Maryland,"9,660", 5. Kirk Cousins, 17. Ben Roethlisberger,29.0,30.0,406.0,328.0,4917.0,3819.0
14,9/15/2016,2016,2,False,BUF,NYJ,PICK,0.0,40.5,New Era Field,False,54.0,2.0,,,2016_02_NYJ_BUF,REG,2,9/15/2016,Thursday,20:25,37,31,-6,New Era Field,Home,outdoors,a_turf,2016091500,False,True,False,False,False,68,New York,New York,"44,896","4,943","11,305","13,527","15,121",549,"1,95,08,097",New York,"22,247", 19. Tyrod Taylor, 29. Ryan Fitzpatrick,23.0,12.0,270.0,229.0,3023.0,2709.0
15,9/18/2016,2016,2,False,ARI,TB,ARI,-7.0,49.5,University of Phoenix Stadium,False,72.0,0.0,,indoor,2016_02_TB_ARI,REG,2,9/18/2016,Sunday,13:00,7,40,33,University of Phoenix Stadium,Home,closed,grass,2016091808,True,False,False,True,False,47,Arizona,Arizona,"19,232","5,024","2,822","4,559","6,827",90,"65,14,042",Arizona,"6,882", 14. Carson Palmer, 10. Jameis Winston,26.0,29.0,365.0,345.0,4237.0,4090.0
16,9/18/2016,2016,2,False,CAR,SF,CAR,-12.5,44,Bank of America Stadium,False,85.0,3.0,,,2016_02_SF_CAR,REG,2,9/18/2016,Sunday,13:00,27,46,19,Bank of America Stadium,Home,outdoors,grass,2016091800,True,False,False,True,False,73,North Carolina,North Carolina,"15,209","6,878","2,355","3,118","2,858",275,"66,38,699",North Carolina,"5,543", 15. Cam Newton, 27. Colin Kaepernick,24.0,18.0,270.0,196.0,3509.0,2241.0
17,9/18/2016,2016,2,False,CLE,BAL,BAL,-4.5,42,FirstEnergy Stadium,False,75.0,5.0,,,2016_02_BAL_CLE,REG,2,9/18/2016,Sunday,13:00,25,20,-5,FirstEnergy Stadium,Home,outdoors,grass,2016091801,False,True,False,True,False,45,Ohio,Ohio,"14,648","5,339","2,608","4,218","2,483",472,"97,36,188",Ohio,"11,576", 34. Cody Kessler, 18. Joe Flacco,6.0,22.0,128.0,437.0,1380.0,4317.0
18,9/18/2016,2016,2,False,DEN,IND,DEN,-6.0,47,Sports Authority Field at Mile High,False,86.0,1.0,,,2016_02_IND_DEN,REG,2,9/18/2016,Sunday,16:25,20,34,14,Sports Authority Field at Mile High,Home,outdoors,grass,2016091810,True,False,False,True,False,54,Colorado,Colorado,"11,271","3,590","2,651","2,778","2,252",197,"51,09,023",Colorado,"3,432", 26. Trevor Siemian, 4. Andrew Luck,18.0,33.0,289.0,346.0,3401.0,4240.0
19,9/18/2016,2016,2,False,DET,TEN,DET,-6.0,48,Ford Field,False,72.0,0.0,,indoor,2016_02_TEN_DET,REG,2,9/18/2016,Sunday,13:00,16,15,-1,Ford Field,Home,dome,fieldturf,2016091802,False,True,False,False,True,31,Michigan,Michigan,"30,387","8,401","5,521","10,177","6,288",613,"97,57,748",Michigan,"7,067", 7. Matthew Stafford, 13. Marcus Mariota,26.0,28.0,388.0,276.0,4327.0,3426.0
20,9/18/2016,2016,2,False,HOU,KC,HOU,-1.0,42,Reliant Stadium,False,89.0,2.0,,retractable (open roof),2016_02_KC_HOU,REG,2,9/18/2016,Sunday,13:00,12,19,7,NRG Stadium,Home,closed,fieldturf,2016091803,True,False,False,True,False,31,Texas,Texas,"71,583","21,222","14,482","22,677","13,202",984,"2,73,40,228",Texas,"33,015", 28. Brock Osweiler, 24. Alex Smith,17.0,20.0,301.0,328.0,2957.0,3502.0
21,9/18/2016,2016,2,False,LA,SEA,SEA,-5.5,38,Los Angeles Memorial Coliseum,False,85.0,4.0,,,2016_02_SEA_LA,REG,2,9/18/2016,Sunday,16:05,3,9,6,Los Angeles Memorial Coliseum,Home,outdoors,grass,2016091809,True,False,False,False,True,12,California,California,"1,04,295","20,633","17,156","36,031","30,475",732,"3,92,09,622",California,"54,762",, 11. Russell Wilson,,22.0,,353.0,,4219.0
22,9/18/2016,2016,2,False,MIN,GB,GB,-2.0,43,U.S. Bank Stadium,False,72.0,0.0,,indoor,2016_02_GB_MIN,REG,2,9/18/2016,Sunday,20:30,14,17,3,U.S. Bank Stadium,Home,dome,sportturf,2016091813,True,False,False,False,True,31,Minnesota,Minnesota,"7,028","1,635","1,239","1,739","2,415",377,"55,19,952",Minnesota,"3,725", 23. Sam Bradford, 1. Aaron Rodgers,20.0,44.0,395.0,401.0,3877.0,4428.0
23,9/18/2016,2016,2,False,NE,MIA,NE,-5.5,42,Gillette Stadium,False,78.0,6.0,,,2016_02_MIA_NE,REG,2,9/18/2016,Sunday,13:00,24,31,7,Gillette Stadium,Home,outdoors,fieldturf,2016091804,True,False,False,True,False,55,Massachusetts,Massachusetts,"17,289","1,940","3,935","7,504","3,910",346,"64,77,104",Massachusetts,"5,247", 21. Tom Brady, 25. Ryan Tannehill,28.0,20.0,291.0,261.0,3554.0,2997.0
24,9/18/2016,2016,2,False,NYG,NO,NYG,-4.0,54.5,MetLife Stadium,False,79.0,5.0,,,2016_02_NO_NYG,REG,2,9/18/2016,Sunday,13:00,13,16,3,MetLife Stadium,Home,outdoors,fieldturf,2016091805,True,False,False,True,False,29,New York,New York,"44,896","4,943","11,305","13,527","15,121",549,"1,95,08,097",New York,"22,247", 20. Eli Manning, 2. Drew Brees,26.0,39.0,377.0,471.0,4027.0,5207.0
25,9/18/2016,2016,2,False,PIT,CIN,PIT,-3.0,48,Heinz Field,False,71.0,3.0,,,2016_02_CIN_PIT,REG,2,9/18/2016,Sunday,13:00,16,24,8,Heinz Field,Home,outdoors,grass,2016091806,True,False,False,True,False,40,Pennsylvania,Pennsylvania,"20,817","4,731","3,033","4,977","8,076","1,241","1,16,91,589",Pennsylvania,"11,764", 17. Ben Roethlisberger, 12. Andy Dalton,30.0,22.0,328.0,364.0,3819.0,4206.0
26,9/18/2016,2016,2,False,WAS,DAL,WAS,-3.0,47,FedEx Field,False,84.0,5.0,,,2016_02_DAL_WAS,REG,2,9/18/2016,Sunday,13:00,27,23,-4,FedExField,Home,outdoors,grass,2016091807,False,True,False,False,True,50,Maryland,Maryland,"14,595","2,474","3,420","5,387","3,314",148,"53,12,551",Maryland,"9,660", 5. Kirk Cousins, 9. Dak Prescott,29.0,29.0,406.0,311.0,4917.0,3667.0
27,9/19/2016,2016,2,False,CHI,PHI,CHI,-3.0,43,Soldier Field,False,80.0,2.0,,,2016_02_PHI_CHI,REG,2,9/19/2016,Monday,20:30,29,14,-15,Soldier Field,Home,outdoors,grass,2016091900,False,True,False,False,True,43,Illinois,,,,,,,,,,, 31. Matt Barkley, 22. Carson Wentz,8.0,18.0,129.0,379.0,1611.0,3782.0
28,9/22/2016,2016,3,False,NE,HOU,NE,-1.0,38.5,Gillette Stadium,False,68.0,3.0,,,2016_03_HOU_NE,REG,3,9/22/2016,Thursday,20:25,0,27,27,Gillette Stadium,Home,outdoors,fieldturf,2016092200,True,False,False,True,False,27,Massachusetts,Massachusetts,"17,289","1,940","3,935","7,504","3,910",346,"64,77,104",Massachusetts,"5,247", 21. Tom Brady, 28. Brock Osweiler,28.0,17.0,291.0,301.0,3554.0,2957.0
29,9/25/2016,2016,3,False,BUF,ARI,ARI,-5.0,48,New Era Field,False,62.0,1.0,,,2016_03_ARI_BUF,REG,3,9/25/2016,Sunday,13:00,18,33,15,New Era Field,Home,outdoors,a_turf,2016092500,True,False,False,False,True,51,New York,New York,"44,896","4,943","11,305","13,527","15,121",549,"1,95,08,097",New York,"22,247", 19. Tyrod Taylor, 14. Carson Palmer,23.0,26.0,270.0,365.0,3023.0,4237.0
30,9/25/2016,2016,3,False,CAR,MIN,CAR,-6.5,42.5,Bank of America Stadium,False,84.0,2.0,,,2016_03_MIN_CAR,REG,3,9/25/2016,Sunday,13:00,22,10,-12,Bank of America Stadium,Home,outdoors,grass,2016092501,False,True,False,False,True,32,North Carolina,North Carolina,"15,209","6,878","2,355","3,118","2,858",275,"66,38,699",North Carolina,"5,543", 15. Cam Newton, 23. Sam Bradford,24.0,20.0,270.0,395.0,3509.0,3877.0
31,9/25/2016,2016,3,False,CIN,DEN,CIN,-3.5,41.5,Paul Brown Stadium,False,82.0,0.0,,,2016_03_DEN_CIN,REG,3,9/25/2016,Sunday,13:00,29,17,-12,Paul Brown Stadium,Home,outdoors,fieldturf,2016092502,False,True,False,False,True,46,Ohio,Ohio,"14,648","5,339","2,608","4,218","2,483",472,"97,36,188",Ohio,"11,576", 12. Andy Dalton, 26. Trevor Siemian,22.0,18.0,364.0,289.0,4206.0,3401.0
32,9/25/2016,2016,3,False,DAL,CHI,DAL,-6.5,45,Cowboys Stadium,False,72.0,0.0,,indoor,2016_03_CHI_DAL,REG,3,9/25/2016,Sunday,20:30,17,31,14,AT&T Stadium,Home,closed,matrixturf,2016092513,True,False,False,True,False,48,Texas,Texas,"71,583","21,222","14,482","22,677","13,202",984,"2,73,40,228",Texas,"33,015", 9. Dak Prescott, 31. Matt Barkley,29.0,8.0,311.0,129.0,3667.0,1611.0
33,9/25/2016,2016,3,False,GB,DET,GB,-6.5,47.5,Lambeau Field,False,72.0,10.0,,,2016_03_DET_GB,REG,3,9/25/2016,Sunday,13:00,27,34,7,Lambeau Field,Home,outdoors,grass,2016092503,True,False,False,True,False,61,Wisconsin,Wisconsin,"10,729","2,824","1,175","2,324","4,406",413,"57,30,771",Wisconsin,"4,698", 1. Aaron Rodgers, 7. Matthew Stafford,44.0,26.0,401.0,388.0,4428.0,4327.0
34,9/25/2016,2016,3,False,JAX,BAL,BAL,-2.0,45,EverBank Field,False,87.0,4.0,,,2016_03_BAL_JAX,REG,3,9/25/2016,Sunday,13:00,19,17,-2,EverBank Field,Home,outdoors,grass,2016092504,False,True,False,True,False,36,Florida,Florida,"59,678","17,506","10,874","21,084","10,214",668,"2,05,66,240",Florida,"20,132",, 18. Joe Flacco,,22.0,,437.0,,4317.0
35,9/25/2016,2016,3,False,KC,NYJ,KC,-3.0,44.5,Arrowhead Stadium,False,65.0,6.0,,,2016_03_NYJ_KC,REG,3,9/25/2016,Sunday,16:25,3,24,21,Arrowhead Stadium,Home,outdoors,grass,2016092512,True,False,False,True,False,27,Missouri,Missouri,"21,610","7,914","2,563","5,792","5,341",576,"59,39,159",Missouri,"6,481", 24. Alex Smith, 29. Ryan Fitzpatrick,20.0,12.0,328.0,229.0,3502.0,2709.0
36,9/25/2016,2016,3,False,MIA,CLE,MIA,-10.0,42.5,Sun Life Stadium,False,85.0,7.0,,,2016_03_CLE_MIA,REG,3,9/25/2016,Sunday,13:00,24,30,6,Hard Rock Stadium,Home,outdoors,grass,2016092505,True,False,False,True,False,54,Florida,Florida,"59,678","17,506","10,874","21,084","10,214",668,"2,05,66,240",Florida,"20,132", 25. Ryan Tannehill, 34. Cody Kessler,20.0,6.0,261.0,128.0,2997.0,1380.0
37,9/25/2016,2016,3,False,NYG,WAS,NYG,-3.5,47,MetLife Stadium,False,67.0,4.0,,,2016_03_WAS_NYG,REG,3,9/25/2016,Sunday,13:00,29,27,-2,MetLife Stadium,Home,outdoors,fieldturf,2016092506,False,True,False,False,True,56,New York,New York,"44,896","4,943","11,305","13,527","15,121",549,"1,95,08,097",New York,"22,247", 20. Eli Manning, 5. Kirk Cousins,26.0,29.0,377.0,406.0,4027.0,4917.0
38,9/25/2016,2016,3,False,PHI,PIT,PIT,-4.0,46.5,Lincoln Financial Field,False,71.0,1.0,,,2016_03_PIT_PHI,REG,3,9/25/2016,Sunday,16:25,3,34,31,Lincoln Financial Field,Home,outdoors,grass,2016092510,True,False,False,False,True,37,Pennsylvania,Pennsylvania,"20,817","4,731","3,033","4,977","8,076","1,241","1,16,91,589",Pennsylvania,"11,764", 22. Carson Wentz, 17. Ben Roethlisberger,18.0,30.0,379.0,328.0,3782.0,3819.0
39,9/25/2016,2016,3,False,SEA,SF,SEA,-10.5,41.5,CenturyLink Field,False,69.0,2.0,,,2016_03_SF_SEA,REG,3,9/25/2016,Sunday,16:05,18,37,19,CenturyLink Field,Home,outdoors,fieldturf,2016092508,True,False,False,True,False,55,Washington,Washington,"12,907","2,708","1,987","4,012","4,200",236,"72,63,284",Washington,"5,596", 11. Russell Wilson, 27. Colin Kaepernick,22.0,18.0,353.0,196.0,4219.0,2241.0
40,9/25/2016,2016,3,False,TB,LA,TB,-3.5,40.5,Raymond James Stadium,False,89.0,3.0,,,2016_03_LA_TB,REG,3,9/25/2016,Sunday,16:05,37,32,-5,Raymond James Stadium,Home,outdoors,grass,2016092509,False,True,False,False,True,69,Florida,Florida,"59,678","17,506","10,874","21,084","10,214",668,"2,05,66,240",Florida,"20,132", 10. Jameis Winston,,29.0,,345.0,,4090.0,
41,9/26/2016,2016,3,False,NO,ATL,NO,-3.0,54.5,Louisiana Superdome,False,72.0,0.0,,indoor,2016_03_ATL_NO,REG,3,9/26/2016,Monday,20:30,45,32,-13,Mercedes-Benz Superdome,Home,dome,sportturf,2016092600,False,True,False,False,True,77,Louisiana,Louisiana,"18,173","5,284","2,803","4,958","5,128",187,"45,53,790",Louisiana,"5,514", 2. Drew Brees, 3. Matt Ryan,39.0,38.0,471.0,373.0,5207.0,4944.0
42,9/29/2016,2016,4,False,CIN,MIA,CIN,-7.5,46.5,Paul Brown Stadium,False,59.0,0.0,,,2016_04_MIA_CIN,REG,4,9/29/2016,Thursday,20:25,7,22,15,Paul Brown Stadium,Home,outdoors,fieldturf,2016092900,True,False,False,True,False,29,Ohio,Ohio,"14,648","5,339","2,608","4,218","2,483",472,"97,36,188",Ohio,"11,576", 12. Andy Dalton, 25. Ryan Tannehill,22.0,20.0,364.0,261.0,4206.0,2997.0
43,10/2/2016,2016,4,False,ARI,LA,ARI,-10.0,43.5,University of Phoenix Stadium,False,72.0,0.0,,indoor,2016_04_LA_ARI,REG,4,10/2/2016,Sunday,16:25,17,13,-4,University of Phoenix Stadium,Home,closed,grass,2016100209,False,True,False,False,True,30,Arizona,Arizona,"19,232","5,024","2,822","4,559","6,827",90,"65,14,042",Arizona,"6,882", 14. Carson Palmer,,26.0,,365.0,,4237.0,
44,10/2/2016,2016,4,False,ATL,CAR,CAR,-3.0,48.5,Georgia Dome,False,72.0,0.0,,indoor,2016_04_CAR_ATL,REG,4,10/2/2016,Sunday,13:00,33,48,15,Georgia Dome,Home,dome,fieldturf,2016100201,True,False,False,False,True,81,Georgia,Georgia,"22,896","8,329","3,204","5,867","5,496",504,"96,39,636",Georgia,"11,935", 3. Matt Ryan, 15. Cam Newton,38.0,24.0,373.0,270.0,4944.0,3509.0
45,10/2/2016,2016,4,False,CHI,DET,DET,-3.0,48,Soldier Field,False,64.0,2.0,,,2016_04_DET_CHI,REG,4,10/2/2016,Sunday,13:00,14,17,3,Soldier Field,Home,outdoors,grass,2016100203,True,False,False,False,True,31,Illinois,,,,,,,,,,, 31. Matt Barkley, 7. Matthew Stafford,8.0,26.0,129.0,388.0,1611.0,4327.0
46,10/2/2016,2016,4,False,HOU,TEN,HOU,-3.5,40,Reliant Stadium,False,82.0,4.0,,retractable (open roof),2016_04_TEN_HOU,REG,4,10/2/2016,Sunday,13:00,20,27,7,NRG Stadium,Home,closed,fieldturf,2016100204,True,False,False,True,False,47,Texas,Texas,"71,583","21,222","14,482","22,677","13,202",984,"2,73,40,228",Texas,"33,015", 28. Brock Osweiler, 13. Marcus Mariota,17.0,28.0,301.0,276.0,2957.0,3426.0
47,10/2/2016,2016,4,False,JAX,IND,IND,-1.0,48.5,Wembley Stadium,True,58.0,6.0,,,2016_04_IND_JAX,REG,4,10/2/2016,Sunday,9:30,27,30,3,Wembley Stadium,Neutral,outdoors,grass,2016100200,True,False,False,False,True,57,Florida,Florida,"59,678","17,506","10,874","21,084","10,214",668,"2,05,66,240",Florida,"20,132",, 4. Andrew Luck,,33.0,,346.0,,4240.0
48,10/2/2016,2016,4,False,NE,BUF,NE,-3.5,41,Gillette Stadium,False,56.0,2.0,,,2016_04_BUF_NE,REG,4,10/2/2016,Sunday,13:00,16,0,-16,Gillette Stadium,Home,outdoors,fieldturf,2016100205,False,True,False,False,True,16,Massachusetts,Massachusetts,"17,289","1,940","3,935","7,504","3,910",346,"64,77,104",Massachusetts,"5,247", 21. Tom Brady, 19. Tyrod Taylor,28.0,23.0,291.0,270.0,3554.0,3023.0
49,10/2/2016,2016,4,False,NYJ,SEA,SEA,-1.0,40,MetLife Stadium,False,61.0,0.0,,,2016_04_SEA_NYJ,REG,4,10/2/2016,Sunday,13:00,27,17,-10,MetLife Stadium,Home,outdoors,fieldturf,2016100206,False,True,False,True,False,44,New York,New York,"44,896","4,943","11,305","13,527","15,121",549,"1,95,08,097",New York,"22,247", 29. Ryan Fitzpatrick, 11. Russell Wilson,12.0,22.0,229.0,353.0,2709.0,4219.0
50,10/2/2016,2016,4,False,PIT,KC,PIT,-3.5,48.5,Heinz Field,False,60.0,0.0,,rain,2016_04_KC_PIT,REG,4,10/2/2016,Sunday,20:30,14,43,29,Heinz Field,Home,outdoors,grass,2016100212,True,False,False,True,False,57,Pennsylvania,Pennsylvania,"20,817","4,731","3,033","4,977","8,076","1,241","1,16,91,589",Pennsylvania,"11,764", 17. Ben Roethlisberger, 24. Alex Smith,30.0,20.0,328.0,328.0,3819.0,3502.0
51,10/2/2016,2016,4,False,SF,DAL,DAL,-1.0,44,Levi's Stadium,False,68.0,8.0,,,2016_04_DAL_SF,REG,4,10/2/2016,Sunday,16:25,24,17,-7,Levi's Stadium,Home,outdoors,grass,2016100211,False,True,False,True,False,41,California,California,"1,04,295","20,633","17,156","36,031","30,475",732,"3,92,09,622",California,"54,762", 27. Colin Kaepernick, 9. Dak Prescott,18.0,29.0,196.0,311.0,2241.0,3667.0
52,10/2/2016,2016,4,False,TB,DEN,DEN,-3.0,42.5,Raymond James Stadium,False,89.0,4.0,,rain,2016_04_DEN_TB,REG,4,10/2/2016,Sunday,16:05,27,7,-20,Raymond James Stadium,Home,outdoors,grass,2016100208,False,True,False,True,False,34,Florida,Florida,"59,678","17,506","10,874","21,084","10,214",668,"2,05,66,240",Florida,"20,132", 10. Jameis Winston, 26. Trevor Siemian,29.0,18.0,345.0,289.0,4090.0,3401.0
53,10/2/2016,2016,4,False,WAS,CLE,WAS,-7.5,47.5,FedEx Field,False,70.0,1.0,,,2016_04_CLE_WAS,REG,4,10/2/2016,Sunday,13:00,20,31,11,FedExField,Home,outdoors,grass,2016100207,True,False,False,True,False,51,Maryland,Maryland,"14,595","2,474","3,420","5,387","3,314",148,"53,12,551",Maryland,"9,660", 5. Kirk Cousins, 34. Cody Kessler,29.0,6.0,406.0,128.0,4917.0,1380.0
54,10/3/2016,2016,4,False,MIN,NYG,MIN,-3.5,42.5,U.S. Bank Stadium,False,72.0,0.0,,indoor,2016_04_NYG_MIN,REG,4,10/3/2016,Monday,20:30,10,24,14,U.S. Bank Stadium,Home,dome,sportturf,2016100300,True,False,False,True,False,34,Minnesota,Minnesota,"7,028","1,635","1,239","1,739","2,415",377,"55,19,952",Minnesota,"3,725", 23. Sam Bradford, 20. Eli Manning,20.0,26.0,395.0,377.0,3877.0,4027.0
55,10/6/2016,2016,5,False,SF,ARI,ARI,-3.5,42.5,Levi's Stadium,False,72.0,7.0,,,2016_05_ARI_SF,REG,5,10/6/2016,Thursday,20:25,33,21,-12,Levi's Stadium,Home,outdoors,grass,2016100600,False,True,False,True,False,54,California,California,"1,04,295","20,633","17,156","36,031","30,475",732,"3,92,09,622",California,"54,762", 27. Colin Kaepernick, 14. Carson Palmer,18.0,26.0,196.0,365.0,2241.0,4237.0
56,10/9/2016,2016,5,False,BAL,WAS,BAL,-4.0,44.5,M&T Bank Stadium,False,61.0,12.0,,,2016_05_WAS_BAL,REG,5,10/9/2016,Sunday,13:00,16,10,-6,M&T Bank Stadium,Home,outdoors,grass,2016100900,False,True,False,False,True,26,Maryland,Maryland,"14,595","2,474","3,420","5,387","3,314",148,"53,12,551",Maryland,"9,660", 18. Joe Flacco, 5. Kirk Cousins,22.0,29.0,437.0,406.0,4317.0,4917.0
57,10/9/2016,2016,5,False,CLE,NE,NE,-10.0,47.5,FirstEnergy Stadium,False,57.0,9.0,,,2016_05_NE_CLE,REG,5,10/9/2016,Sunday,13:00,33,13,-20,FirstEnergy Stadium,Home,outdoors,grass,2016100901,False,True,False,True,False,46,Ohio,Ohio,"14,648","5,339","2,608","4,218","2,483",472,"97,36,188",Ohio,"11,576", 34. Cody Kessler, 21. Tom Brady,6.0,28.0,128.0,291.0,1380.0,3554.0
58,10/9/2016,2016,5,False,DAL,CIN,CIN,-2.5,46,Cowboys Stadium,False,72.0,0.0,,indoor,2016_05_CIN_DAL,REG,5,10/9/2016,Sunday,16:25,14,28,14,AT&T Stadium,Home,closed,matrixturf,2016100908,True,False,False,False,True,42,Texas,Texas,"71,583","21,222","14,482","22,677","13,202",984,"2,73,40,228",Texas,"33,015", 9. Dak Prescott, 12. Andy Dalton,29.0,22.0,311.0,364.0,3667.0,4206.0
59,10/9/2016,2016,5,False,DEN,ATL,DEN,-3.5,44.5,Sports Authority Field at Mile High,False,73.0,1.0,,,2016_05_ATL_DEN,REG,5,10/9/2016,Sunday,16:05,23,16,-7,Sports Authority Field at Mile High,Home,outdoors,grass,2016100907,False,True,False,False,True,39,Colorado,Colorado,"11,271","3,590","2,651","2,778","2,252",197,"51,09,023",Colorado,"3,432", 26. Trevor Siemian, 3. Matt Ryan,18.0,38.0,289.0,373.0,3401.0,4944.0
60,10/9/2016,2016,5,False,DET,PHI,PHI,-3.5,46,Ford Field,False,72.0,0.0,,indoor,2016_05_PHI_DET,REG,5,10/9/2016,Sunday,13:00,23,24,1,Ford Field,Home,dome,fieldturf,2016100902,True,False,False,False,True,47,Michigan,Michigan,"30,387","8,401","5,521","10,177","6,288",613,"97,57,748",Michigan,"7,067", 7. Matthew Stafford, 22. Carson Wentz,26.0,18.0,388.0,379.0,4327.0,3782.0
61,10/9/2016,2016,5,False,GB,NYG,GB,-7.0,49,Lambeau Field,False,48.0,2.0,,,2016_05_NYG_GB,REG,5,10/9/2016,Sunday,20:30,16,23,7,Lambeau Field,Home,outdoors,grass,2016100911,True,False,False,True,False,39,Wisconsin,Wisconsin,"10,729","2,824","1,175","2,324","4,406",413,"57,30,771",Wisconsin,"4,698", 1. Aaron Rodgers, 20. Eli Manning,44.0,26.0,401.0,377.0,4428.0,4027.0
62,10/9/2016,2016,5,False,IND,CHI,IND,-4.0,47.5,Lucas Oil Stadium,False,72.0,0.0,,indoor,2016_05_CHI_IND,REG,5,10/9/2016,Sunday,13:00,23,29,6,Lucas Oil Stadium,Home,open,fieldturf,2016100903,True,False,False,True,False,52,Indiana,Indiana,"14,225","3,233","1,506","3,876","5,610",217,"46,63,407",Indiana,"6,883", 4. Andrew Luck, 31. Matt Barkley,33.0,8.0,346.0,129.0,4240.0,1611.0
63,10/9/2016,2016,5,False,LA,BUF,BUF,-2.5,41.5,Los Angeles Memorial Coliseum,False,87.0,5.0,,,2016_05_BUF_LA,REG,5,10/9/2016,Sunday,16:25,30,19,-11,Los Angeles Memorial Coliseum,Home,outdoors,grass,2016100909,False,True,False,True,False,49,California,California,"1,04,295","20,633","17,156","36,031","30,475",732,"3,92,09,622",California,"54,762",, 19. Tyrod Taylor,,23.0,,270.0,,3023.0
64,10/9/2016,2016,5,False,MIA,TEN,MIA,-2.5,44.5,Sun Life Stadium,False,87.0,12.0,,,2016_05_TEN_MIA,REG,5,10/9/2016,Sunday,13:00,30,17,-13,Hard Rock Stadium,Home,outdoors,grass,2016100904,False,True,False,False,True,47,Florida,Florida,"59,678","17,506","10,874","21,084","10,214",668,"2,05,66,240",Florida,"20,132", 25. Ryan Tannehill, 13. Marcus Mariota,20.0,28.0,261.0,276.0,2997.0,3426.0
65,10/9/2016,2016,5,False,MIN,HOU,MIN,-6.0,39,U.S. Bank Stadium,False,72.0,0.0,,indoor,2016_05_HOU_MIN,REG,5,10/9/2016,Sunday,13:00,13,31,18,U.S. Bank Stadium,Home,dome,sportturf,2016100905,True,False,False,True,False,44,Minnesota,Minnesota,"7,028","1,635","1,239","1,739","2,415",377,"55,19,952",Minnesota,"3,725", 23. Sam Bradford, 28. Brock Osweiler,20.0,17.0,395.0,301.0,3877.0,2957.0
66,10/9/2016,2016,5,False,PIT,NYJ,PIT,-10.0,50,Heinz Field,False,57.0,6.0,,,2016_05_NYJ_PIT,REG,5,10/9/2016,Sunday,13:00,13,31,18,Heinz Field,Home,outdoors,grass,2016100906,True,False,False,True,False,44,Pennsylvania,Pennsylvania,"20,817","4,731","3,033","4,977","8,076","1,241","1,16,91,589",Pennsylvania,"11,764", 17. Ben Roethlisberger, 29. Ryan Fitzpatrick,30.0,12.0,328.0,229.0,3819.0,2709.0
67,10/10/2016,2016,5,False,CAR,TB,CAR,-6.0,46.5,Bank of America Stadium,False,57.0,2.0,,,2016_05_TB_CAR,REG,5,10/10/2016,Monday,20:30,17,14,-3,Bank of America Stadium,Home,outdoors,grass,2016101000,False,True,False,False,True,31,North Carolina,North Carolina,"15,209","6,878","2,355","3,118","2,858",275,"66,38,699",North Carolina,"5,543", 15. Cam Newton, 10. Jameis Winston,24.0,29.0,270.0,345.0,3509.0,4090.0
68,10/16/2016,2016,6,False,BUF,SF,BUF,-7.5,44,New Era Field,False,72.0,9.0,,,2016_06_SF_BUF,REG,6,10/16/2016,Sunday,13:00,16,45,29,New Era Field,Home,outdoors,a_turf,2016101600,True,False,False,True,False,61,New York,New York,"44,896","4,943","11,305","13,527","15,121",549,"1,95,08,097",New York,"22,247", 19. Tyrod Taylor, 27. Colin Kaepernick,23.0,18.0,270.0,196.0,3023.0,2241.0
69,10/16/2016,2016,6,False,CHI,JAX,CHI,-2.5,46,Soldier Field,False,67.0,3.0,,,2016_06_JAX_CHI,REG,6,10/16/2016,Sunday,13:00,17,16,-1,Soldier Field,Home,outdoors,grass,2016101601,False,True,False,False,True,33,Illinois,,,,,,,,,,, 31. Matt Barkley,,8.0,,129.0,,1611.0,
70,10/16/2016,2016,6,False,DET,LA,DET,-2.5,44,Ford Field,False,72.0,0.0,,indoor,2016_06_LA_DET,REG,6,10/16/2016,Sunday,13:00,28,31,3,Ford Field,Home,dome,fieldturf,2016101602,True,False,False,True,False,59,Michigan,Michigan,"30,387","8,401","5,521","10,177","6,288",613,"97,57,748",Michigan,"7,067", 7. Matthew Stafford,,26.0,,388.0,,4327.0,
71,10/16/2016,2016,6,False,GB,DAL,GB,-5.0,47,Lambeau Field,False,67.0,4.0,,,2016_06_DAL_GB,REG,6,10/16/2016,Sunday,16:25,30,16,-14,Lambeau Field,Home,outdoors,grass,2016101610,False,True,False,False,True,46,Wisconsin,Wisconsin,"10,729","2,824","1,175","2,324","4,406",413,"57,30,771",Wisconsin,"4,698", 1. Aaron Rodgers, 9. Dak Prescott,44.0,29.0,401.0,311.0,4428.0,3667.0
72,10/16/2016,2016,6,False,HOU,IND,HOU,-3.0,47.5,Reliant Stadium,False,80.0,6.0,,retractable (open roof),2016_06_IND_HOU,REG,6,10/16/2016,Sunday,20:30,23,26,3,NRG Stadium,Home,closed,fieldturf,2016101612,True,False,False,True,False,49,Texas,Texas,"71,583","21,222","14,482","22,677","13,202",984,"2,73,40,228",Texas,"33,015", 28. Brock Osweiler, 4. Andrew Luck,17.0,33.0,301.0,346.0,2957.0,4240.0
73,10/16/2016,2016,6,False,MIA,PIT,PIT,-7.5,49.5,Sun Life Stadium,False,82.0,11.0,,,2016_06_PIT_MIA,REG,6,10/16/2016,Sunday,13:00,15,30,15,Hard Rock Stadium,Home,outdoors,grass,2016101603,True,False,False,False,True,45,Florida,Florida,"59,678","17,506","10,874","21,084","10,214",668,"2,05,66,240",Florida,"20,132", 25. Ryan Tannehill, 17. Ben Roethlisberger,20.0,30.0,261.0,328.0,2997.0,3819.0
74,10/16/2016,2016,6,False,NE,CIN,NE,-7.5,48,Gillette Stadium,False,66.0,7.0,,,2016_06_CIN_NE,REG,6,10/16/2016,Sunday,13:00,17,35,18,Gillette Stadium,Home,outdoors,fieldturf,2016101604,True,False,False,True,False,52,Massachusetts,Massachusetts,"17,289","1,940","3,935","7,504","3,910",346,"64,77,104",Massachusetts,"5,247", 21. Tom Brady, 12. Andy Dalton,28.0,22.0,291.0,364.0,3554.0,4206.0
75,10/16/2016,2016,6,False,NO,CAR,CAR,-2.5,53.5,Louisiana Superdome,False,72.0,0.0,,indoor,2016_06_CAR_NO,REG,6,10/16/2016,Sunday,13:00,38,41,3,Mercedes-Benz Superdome,Home,dome,sportturf,2016101605,True,False,False,False,True,79,Louisiana,Louisiana,"18,173","5,284","2,803","4,958","5,128",187,"45,53,790",Louisiana,"5,514", 2. Drew Brees, 15. Cam Newton,39.0,24.0,471.0,270.0,5207.0,3509.0
76,10/16/2016,2016,6,False,NYG,BAL,NYG,-3.5,42.5,MetLife Stadium,False,66.0,6.0,,,2016_06_BAL_NYG,REG,6,10/16/2016,Sunday,13:00,23,27,4,MetLife Stadium,Home,outdoors,fieldturf,2016101606,True,False,False,True,False,50,New York,New York,"44,896","4,943","11,305","13,527","15,121",549,"1,95,08,097",New York,"22,247", 20. Eli Manning, 18. Joe Flacco,26.0,22.0,377.0,437.0,4027.0,4317.0
77,10/16/2016,2016,6,False,SEA,ATL,SEA,-7.0,45.5,CenturyLink Field,False,54.0,5.0,,,2016_06_ATL_SEA,REG,6,10/16/2016,Sunday,16:25,24,26,2,CenturyLink Field,Home,outdoors,fieldturf,2016101611,True,False,False,True,False,50,Washington,Washington,"12,907","2,708","1,987","4,012","4,200",236,"72,63,284",Washington,"5,596", 11. Russell Wilson, 3. Matt Ryan,22.0,38.0,353.0,373.0,4219.0,4944.0
78,10/16/2016,2016,6,False,TEN,CLE,TEN,-7.5,44.5,Nissan Stadium,False,79.0,7.0,,,2016_06_CLE_TEN,REG,6,10/16/2016,Sunday,13:00,26,28,2,Nissan Stadium,Home,outdoors,grass,2016101607,True,False,False,True,False,54,Tennessee,Tennessee,"30,777","10,924","5,361","11,120","3,372",462,"66,10,985",Tennessee,"7,770", 13. Marcus Mariota, 34. Cody Kessler,28.0,6.0,276.0,128.0,3426.0,1380.0
79,10/16/2016,2016,6,False,WAS,PHI,PHI,-3.0,45,FedEx Field,False,69.0,5.0,,,2016_06_PHI_WAS,REG,6,10/16/2016,Sunday,13:00,20,27,7,FedExField,Home,outdoors,grass,2016101608,True,False,False,False,True,47,Maryland,Maryland,"14,595","2,474","3,420","5,387","3,314",148,"53,12,551",Maryland,"9,660", 5. Kirk Cousins, 22. Carson Wentz,29.0,18.0,406.0,379.0,4917.0,3782.0
80,10/17/2016,2016,6,False,ARI,NYJ,ARI,-7.0,45.5,University of Phoenix Stadium,False,72.0,0.0,,indoor,2016_06_NYJ_ARI,REG,6,10/17/2016,Monday,20:30,3,28,25,University of Phoenix Stadium,Home,closed,grass,2016101700,True,False,False,True,False,31,Arizona,Arizona,"19,232","5,024","2,822","4,559","6,827",90,"65,14,042",Arizona,"6,882", 14. Carson Palmer, 29. Ryan Fitzpatrick,26.0,12.0,365.0,229.0,4237.0,2709.0
81,10/20/2016,2016,7,False,GB,CHI,GB,-7.5,46.5,Lambeau Field,False,47.0,3.0,,,2016_07_CHI_GB,REG,7,10/20/2016,Thursday,20:25,10,26,16,Lambeau Field,Home,outdoors,grass,2016102000,True,False,False,True,False,36,Wisconsin,Wisconsin,"10,729","2,824","1,175","2,324","4,406",413,"57,30,771",Wisconsin,"4,698", 1. Aaron Rodgers, 31. Matt Barkley,44.0,8.0,401.0,129.0,4428.0,1611.0
82,10/23/2016,2016,7,False,ARI,SEA,ARI,-2.5,43,University of Phoenix Stadium,False,72.0,0.0,,indoor,2016_07_SEA_ARI,REG,7,10/23/2016,Sunday,20:30,6,6,0,University of Phoenix Stadium,Home,closed,grass,2016102312,False,False,True,False,False,12,Arizona,Arizona,"19,232","5,024","2,822","4,559","6,827",90,"65,14,042",Arizona,"6,882", 14. Carson Palmer, 11. Russell Wilson,26.0,22.0,365.0,353.0,4237.0,4219.0
83,10/23/2016,2016,7,False,CIN,CLE,CIN,-11.0,46.5,Paul Brown Stadium,False,66.0,6.0,,,2016_07_CLE_CIN,REG,7,10/23/2016,Sunday,13:00,17,31,14,Paul Brown Stadium,Home,outdoors,fieldturf,2016102301,True,False,False,True,False,48,Ohio,Ohio,"14,648","5,339","2,608","4,218","2,483",472,"97,36,188",Ohio,"11,576", 12. Andy Dalton, 34. Cody Kessler,22.0,6.0,364.0,128.0,4206.0,1380.0
84,10/23/2016,2016,7,False,DET,WAS,WAS,-1.0,50,Ford Field,False,72.0,0.0,,indoor,2016_07_WAS_DET,REG,7,10/23/2016,Sunday,13:00,17,20,3,Ford Field,Home,dome,fieldturf,2016102302,True,False,False,False,True,37,Michigan,Michigan,"30,387","8,401","5,521","10,177","6,288",613,"97,57,748",Michigan,"7,067", 7. Matthew Stafford, 5. Kirk Cousins,26.0,29.0,388.0,406.0,4327.0,4917.0
85,10/23/2016,2016,7,False,KC,NO,KC,-7.0,51.5,Arrowhead Stadium,False,69.0,6.0,,,2016_07_NO_KC,REG,7,10/23/2016,Sunday,13:00,21,27,6,Arrowhead Stadium,Home,outdoors,grass,2016102304,True,False,False,True,False,48,Missouri,Missouri,"21,610","7,914","2,563","5,792","5,341",576,"59,39,159",Missouri,"6,481", 24. Alex Smith, 2. Drew Brees,20.0,39.0,328.0,471.0,3502.0,5207.0
86,10/23/2016,2016,7,False,LA,NYG,NYG,-2.5,44.5,Twickenham Stadium,True,54.0,10.0,,,2016_07_NYG_LA,REG,7,10/23/2016,Sunday,9:30,17,10,-7,Twickenham Stadium,Neutral,outdoors,grass,2016102300,False,True,False,True,False,27,California,California,"1,04,295","20,633","17,156","36,031","30,475",732,"3,92,09,622",California,"54,762",, 20. Eli Manning,,26.0,,377.0,,4027.0
87,10/23/2016,2016,7,False,MIA,BUF,BUF,-2.5,46,Sun Life Stadium,False,80.0,10.0,,,2016_07_BUF_MIA,REG,7,10/23/2016,Sunday,13:00,25,28,3,Hard Rock Stadium,Home,outdoors,grass,2016102305,True,False,False,False,True,53,Florida,Florida,"59,678","17,506","10,874","21,084","10,214",668,"2,05,66,240",Florida,"20,132", 25. Ryan Tannehill, 19. Tyrod Taylor,20.0,23.0,261.0,270.0,2997.0,3023.0
88,10/23/2016,2016,7,False,NYJ,BAL,NYJ,-2.5,40,MetLife Stadium,False,58.0,11.0,,,2016_07_BAL_NYJ,REG,7,10/23/2016,Sunday,13:00,16,24,8,MetLife Stadium,Home,outdoors,fieldturf,2016102306,True,False,False,True,False,40,New York,New York,"44,896","4,943","11,305","13,527","15,121",549,"1,95,08,097",New York,"22,247", 29. Ryan Fitzpatrick, 18. Joe Flacco,12.0,22.0,229.0,437.0,2709.0,4317.0
89,10/23/2016,2016,7,False,PHI,MIN,MIN,-3.0,39,Lincoln Financial Field,False,61.0,10.0,,,2016_07_MIN_PHI,REG,7,10/23/2016,Sunday,13:00,10,21,11,Lincoln Financial Field,Home,outdoors,grass,2016102307,True,False,False,False,True,31,Pennsylvania,Pennsylvania,"20,817","4,731","3,033","4,977","8,076","1,241","1,16,91,589",Pennsylvania,"11,764", 22. Carson Wentz, 23. Sam Bradford,18.0,20.0,379.0,395.0,3782.0,3877.0
90,10/23/2016,2016,7,False,PIT,NE,NE,-7.5,49,Heinz Field,False,63.0,6.0,,,2016_07_NE_PIT,REG,7,10/23/2016,Sunday,16:25,27,16,-11,Heinz Field,Home,outdoors,grass,2016102311,False,True,False,True,False,43,Pennsylvania,Pennsylvania,"20,817","4,731","3,033","4,977","8,076","1,241","1,16,91,589",Pennsylvania,"11,764", 17. Ben Roethlisberger, 21. Tom Brady,30.0,28.0,328.0,291.0,3819.0,3554.0
91,10/23/2016,2016,7,False,SF,TB,SF,-1.0,45,Levi's Stadium,False,69.0,2.0,,,2016_07_TB_SF,REG,7,10/23/2016,Sunday,16:05,34,17,-17,Levi's Stadium,Home,outdoors,grass,2016102310,False,True,False,False,True,51,California,California,"1,04,295","20,633","17,156","36,031","30,475",732,"3,92,09,622",California,"54,762", 27. Colin Kaepernick, 10. Jameis Winston,18.0,29.0,196.0,345.0,2241.0,4090.0
92,10/23/2016,2016,7,False,TEN,IND,TEN,-4.0,48,Nissan Stadium,False,71.0,5.0,,,2016_07_IND_TEN,REG,7,10/23/2016,Sunday,13:00,34,26,-8,Nissan Stadium,Home,outdoors,grass,2016102308,False,True,False,False,True,60,Tennessee,Tennessee,"30,777","10,924","5,361","11,120","3,372",462,"66,10,985",Tennessee,"7,770", 13. Marcus Mariota, 4. Andrew Luck,28.0,33.0,276.0,346.0,3426.0,4240.0
93,10/24/2016,2016,7,False,DEN,HOU,DEN,-8.5,40,Sports Authority Field at Mile High,False,66.0,2.0,,,2016_07_HOU_DEN,REG,7,10/24/2016,Monday,20:30,9,27,18,Sports Authority Field at Mile High,Home,outdoors,grass,2016102400,True,False,False,True,False,36,Colorado,Colorado,"11,271","3,590","2,651","2,778","2,252",197,"51,09,023",Colorado,"3,432", 26. Trevor Siemian, 28. Brock Osweiler,18.0,17.0,289.0,301.0,3401.0,2957.0
94,10/27/2016,2016,8,False,TEN,JAX,TEN,-3.0,43.5,Nissan Stadium,False,66.0,4.0,,,2016_08_JAX_TEN,REG,8,10/27/2016,Thursday,20:25,22,36,14,Nissan Stadium,Home,outdoors,grass,2016102700,True,False,False,True,False,58,Tennessee,Tennessee,"30,777","10,924","5,361","11,120","3,372",462,"66,10,985",Tennessee,"7,770", 13. Marcus Mariota,,28.0,,276.0,,3426.0,
95,10/30/2016,2016,8,False,ATL,GB,ATL,-3.0,51,Georgia Dome,False,72.0,0.0,,indoor,2016_08_GB_ATL,REG,8,10/30/2016,Sunday,16:25,32,33,1,Georgia Dome,Home,dome,fieldturf,2016103001,True,False,False,True,False,65,Georgia,Georgia,"22,896","8,329","3,204","5,867","5,496",504,"96,39,636",Georgia,"11,935", 3. Matt Ryan, 1. Aaron Rodgers,38.0,44.0,373.0,401.0,4944.0,4428.0
96,10/30/2016,2016,8,False,BUF,NE,NE,-5.5,48,New Era Field,False,50.0,2.0,,rain,2016_08_NE_BUF,REG,8,10/30/2016,Sunday,13:00,41,25,-16,New Era Field,Home,outdoors,a_turf,2016103002,False,True,False,True,False,66,New York,New York,"44,896","4,943","11,305","13,527","15,121",549,"1,95,08,097",New York,"22,247", 19. Tyrod Taylor, 21. Tom Brady,23.0,28.0,270.0,291.0,3023.0,3554.0
97,10/30/2016,2016,8,False,CAR,ARI,CAR,-2.5,45.5,Bank of America Stadium,False,80.0,4.0,,,2016_08_ARI_CAR,REG,8,10/30/2016,Sunday,13:00,20,30,10,Bank of America Stadium,Home,outdoors,grass,2016103009,True,False,False,True,False,50,North Carolina,North Carolina,"15,209","6,878","2,355","3,118","2,858",275,"66,38,699",North Carolina,"5,543", 15. Cam Newton, 14. Carson Palmer,24.0,26.0,270.0,365.0,3509.0,4237.0
98,10/30/2016,2016,8,False,CIN,WAS,CIN,-3.0,49,Wembley Stadium,True,52.0,3.0,,,2016_08_WAS_CIN,REG,8,10/30/2016,Sunday,9:30,27,27,0,Wembley Stadium,Neutral,outdoors,grass,2016103000,False,False,True,False,False,54,Ohio,Ohio,"14,648","5,339","2,608","4,218","2,483",472,"97,36,188",Ohio,"11,576", 12. Andy Dalton, 5. Kirk Cousins,22.0,29.0,364.0,406.0,4206.0,4917.0
99,10/30/2016,2016,8,False,CLE,NYJ,NYJ,-2.5,45.5,FirstEnergy Stadium,False,54.0,9.0,,,2016_08_NYJ_CLE,REG,8,10/30/2016,Sunday,13:00,31,28,-3,FirstEnergy Stadium,Home,outdoors,grass,2016103003,False,True,False,True,False,59,Ohio,Ohio,"14,648","5,339","2,608","4,218","2,483",472,"97,36,188",Ohio,"11,576", 34. Cody Kessler, 29. Ryan Fitzpatrick,6.0,12.0,128.0,229.0,1380.0,2709.0
100,10/30/2016,2016,8,False,DAL,PHI,DAL,-5.0,44,Cowboys Stadium,False,72.0,0.0,,indoor,2016_08_PHI_DAL,REG,8,10/30/2016,Sunday,20:30,23,29,6,AT&T Stadium,Home,closed,matrixturf,2016103010,True,False,False,True,False,52,Texas,Texas,"71,583","21,222","14,482","22,677","13,202",984,"2,73,40,228",Texas,"33,015", 9. Dak Prescott, 22. Carson Wentz,29.0,18.0,311.0,379.0,3667.0,3782.0
101,10/30/2016,2016,8,False,HOU,DET,HOU,-1.0,46.5,Reliant Stadium,False,80.0,3.0,,retractable (open roof),2016_08_DET_HOU,REG,8,10/30/2016,Sunday,13:00,13,20,7,NRG Stadium,Home,closed,fieldturf,2016103004,True,False,False,True,False,33,Texas,Texas,"71,583","21,222","14,482","22,677","13,202",984,"2,73,40,228",Texas,"33,015", 28. Brock Osweiler, 7. Matthew Stafford,17.0,26.0,301.0,388.0,2957.0,4327.0
102,10/30/2016,2016,8,False,IND,KC,KC,-3.0,50.5,Lucas Oil Stadium,False,72.0,0.0,,indoor,2016_08_KC_IND,REG,8,10/30/2016,Sunday,13:00,30,14,-16,Lucas Oil Stadium,Home,closed,fieldturf,2016103005,False,True,False,True,False,44,Indiana,Indiana,"14,225","3,233","1,506","3,876","5,610",217,"46,63,407",Indiana,"6,883", 4. Andrew Luck, 24. Alex Smith,33.0,20.0,346.0,328.0,4240.0,3502.0
103,10/30/2016,2016,8,False,NO,SEA,SEA,-1.0,50,Louisiana Superdome,False,72.0,0.0,,indoor,2016_08_SEA_NO,REG,8,10/30/2016,Sunday,13:00,20,25,5,Mercedes-Benz Superdome,Home,dome,sportturf,2016103006,True,False,False,False,True,45,Louisiana,Louisiana,"18,173","5,284","2,803","4,958","5,128",187,"45,53,790",Louisiana,"5,514", 2. Drew Brees, 11. Russell Wilson,39.0,22.0,471.0,353.0,5207.0,4219.0
104,10/31/2016,2016,8,False,CHI,MIN,MIN,-4.5,39.5,Soldier Field,False,57.0,3.0,,rain,2016_08_MIN_CHI,REG,8,10/31/2016,Monday,20:30,10,20,10,Soldier Field,Home,outdoors,grass,2016103100,True,False,False,False,True,30,Illinois,,,,,,,,,,, 31. Matt Barkley, 23. Sam Bradford,8.0,20.0,129.0,395.0,1611.0,3877.0
105,11/3/2016,2016,9,False,TB,ATL,ATL,-4.5,49,Raymond James Stadium,False,75.0,2.0,,,2016_09_ATL_TB,REG,9,11/3/2016,Thursday,20:25,43,28,-15,Raymond James Stadium,Home,outdoors,grass,2016110300,False,True,False,True,False,71,Florida,Florida,"59,678","17,506","10,874","21,084","10,214",668,"2,05,66,240",Florida,"20,132", 10. Jameis Winston, 3. Matt Ryan,29.0,38.0,345.0,373.0,4090.0,4944.0
106,11/6/2016,2016,9,False,BAL,PIT,PIT,-3.5,46,M&T Bank Stadium,False,63.0,10.0,,,2016_09_PIT_BAL,REG,9,11/6/2016,Sunday,13:00,14,21,7,M&T Bank Stadium,Home,outdoors,grass,2016110601,True,False,False,False,True,35,Maryland,Maryland,"14,595","2,474","3,420","5,387","3,314",148,"53,12,551",Maryland,"9,660", 18. Joe Flacco, 17. Ben Roethlisberger,22.0,30.0,437.0,328.0,4317.0,3819.0
107,11/6/2016,2016,9,False,CLE,DAL,DAL,-7.0,49,FirstEnergy Stadium,False,56.0,2.0,,,2016_09_DAL_CLE,REG,9,11/6/2016,Sunday,13:00,35,10,-25,FirstEnergy Stadium,Home,outdoors,grass,2016110602,False,True,False,True,False,45,Ohio,Ohio,"14,648","5,339","2,608","4,218","2,483",472,"97,36,188",Ohio,"11,576", 34. Cody Kessler, 9. Dak Prescott,6.0,29.0,128.0,311.0,1380.0,3667.0
108,11/6/2016,2016,9,False,GB,IND,GB,-7.5,52,Lambeau Field,False,67.0,5.0,,,2016_09_IND_GB,REG,9,11/6/2016,Sunday,16:25,31,26,-5,Lambeau Field,Home,outdoors,grass,2016110609,False,True,False,False,True,57,Wisconsin,Wisconsin,"10,729","2,824","1,175","2,324","4,406",413,"57,30,771",Wisconsin,"4,698", 1. Aaron Rodgers, 4. Andrew Luck,44.0,33.0,401.0,346.0,4428.0,4240.0
109,11/6/2016,2016,9,False,KC,JAX,KC,-7.0,42.5,Arrowhead Stadium,False,60.0,6.0,,,2016_09_JAX_KC,REG,9,11/6/2016,Sunday,13:00,14,19,5,Arrowhead Stadium,Home,outdoors,grass,2016110603,True,False,False,True,False,33,Missouri,Missouri,"21,610","7,914","2,563","5,792","5,341",576,"59,39,159",Missouri,"6,481", 24. Alex Smith,,20.0,,328.0,,3502.0,
110,11/6/2016,2016,9,False,LA,CAR,CAR,-3.0,44.5,Los Angeles Memorial Coliseum,False,72.0,3.0,,,2016_09_CAR_LA,REG,9,11/6/2016,Sunday,16:05,13,10,-3,Los Angeles Memorial Coliseum,Home,outdoors,grass,2016110607,False,True,False,True,False,23,California,California,"1,04,295","20,633","17,156","36,031","30,475",732,"3,92,09,622",California,"54,762",, 15. Cam Newton,,24.0,,270.0,,3509.0
111,11/6/2016,2016,9,False,MIA,NYJ,MIA,-3.5,45,Sun Life Stadium,False,79.0,11.0,,,2016_09_NYJ_MIA,REG,9,11/6/2016,Sunday,13:00,23,27,4,Hard Rock Stadium,Home,outdoors,grass,2016110604,True,False,False,True,False,50,Florida,Florida,"59,678","17,506","10,874","21,084","10,214",668,"2,05,66,240",Florida,"20,132", 25. Ryan Tannehill, 29. Ryan Fitzpatrick,20.0,12.0,261.0,229.0,2997.0,2709.0
112,11/6/2016,2016,9,False,MIN,DET,MIN,-4.5,42.5,U.S. Bank Stadium,False,72.0,0.0,,indoor,2016_09_DET_MIN,REG,9,11/6/2016,Sunday,13:00,22,16,-6,U.S. Bank Stadium,Home,dome,sportturf,2016110605,False,True,False,False,True,38,Minnesota,Minnesota,"7,028","1,635","1,239","1,739","2,415",377,"55,19,952",Minnesota,"3,725", 23. Sam Bradford, 7. Matthew Stafford,20.0,26.0,395.0,388.0,3877.0,4327.0
113,11/6/2016,2016,9,False,NYG,PHI,NYG,-3.0,42.5,MetLife Stadium,False,57.0,8.0,,,2016_09_PHI_NYG,REG,9,11/6/2016,Sunday,13:00,23,28,5,MetLife Stadium,Home,outdoors,fieldturf,2016110606,True,False,False,True,False,51,New York,New York,"44,896","4,943","11,305","13,527","15,121",549,"1,95,08,097",New York,"22,247", 20. Eli Manning, 22. Carson Wentz,26.0,18.0,377.0,379.0,4027.0,3782.0
114,11/6/2016,2016,9,False,SF,NO,NO,-5.0,53,Levi's Stadium,False,68.0,1.0,,,2016_09_NO_SF,REG,9,11/6/2016,Sunday,16:05,41,23,-18,Levi's Stadium,Home,outdoors,grass,2016110608,False,True,False,True,False,64,California,California,"1,04,295","20,633","17,156","36,031","30,475",732,"3,92,09,622",California,"54,762", 27. Colin Kaepernick, 2. Drew Brees,18.0,39.0,196.0,471.0,2241.0,5207.0
115,11/7/2016,2016,9,False,SEA,BUF,SEA,-5.5,43.5,CenturyLink Field,False,60.0,0.0,,,2016_09_BUF_SEA,REG,9,11/7/2016,Monday,20:30,25,31,6,CenturyLink Field,Home,outdoors,fieldturf,2016110700,True,False,False,True,False,56,Washington,Washington,"12,907","2,708","1,987","4,012","4,200",236,"72,63,284",Washington,"5,596", 11. Russell Wilson, 19. Tyrod Taylor,22.0,23.0,353.0,270.0,4219.0,3023.0
116,11/10/2016,2016,10,False,BAL,CLE,BAL,-7.5,44,M&T Bank Stadium,False,52.0,1.0,,,2016_10_CLE_BAL,REG,10,11/10/2016,Thursday,20:25,7,28,21,M&T Bank Stadium,Home,outdoors,grass,2016111000,True,False,False,True,False,35,Maryland,Maryland,"14,595","2,474","3,420","5,387","3,314",148,"53,12,551",Maryland,"9,660", 18. Joe Flacco, 34. Cody Kessler,22.0,6.0,437.0,128.0,4317.0,1380.0
117,11/13/2016,2016,10,False,ARI,SF,ARI,-14.0,47,University of Phoenix Stadium,False,72.0,0.0,,indoor,2016_10_SF_ARI,REG,10,11/13/2016,Sunday,16:25,20,23,3,University of Phoenix Stadium,Home,closed,grass,2016111310,True,False,False,True,False,43,Arizona,Arizona,"19,232","5,024","2,822","4,559","6,827",90,"65,14,042",Arizona,"6,882", 14. Carson Palmer, 27. Colin Kaepernick,26.0,18.0,365.0,196.0,4237.0,2241.0
118,11/13/2016,2016,10,False,CAR,KC,CAR,-3.0,44,Bank of America Stadium,False,48.0,4.0,,,2016_10_KC_CAR,REG,10,11/13/2016,Sunday,13:00,20,17,-3,Bank of America Stadium,Home,outdoors,grass,2016111301,False,True,False,False,True,37,North Carolina,North Carolina,"15,209","6,878","2,355","3,118","2,858",275,"66,38,699",North Carolina,"5,543", 15. Cam Newton, 24. Alex Smith,24.0,20.0,270.0,328.0,3509.0,3502.0
119,11/13/2016,2016,10,False,JAX,HOU,JAX,-3.0,42,EverBank Field,False,71.0,6.0,,,2016_10_HOU_JAX,REG,10,11/13/2016,Sunday,13:00,24,21,-3,EverBank Field,Home,outdoors,grass,2016111302,False,True,False,False,True,45,Florida,Florida,"59,678","17,506","10,874","21,084","10,214",668,"2,05,66,240",Florida,"20,132",, 28. Brock Osweiler,,17.0,,301.0,,2957.0
120,11/13/2016,2016,10,False,NE,SEA,NE,-7.5,49.5,Gillette Stadium,False,45.0,2.0,,,2016_10_SEA_NE,REG,10,11/13/2016,Sunday,20:30,31,24,-7,Gillette Stadium,Home,outdoors,fieldturf,2016111312,False,True,False,False,True,55,Massachusetts,Massachusetts,"17,289","1,940","3,935","7,504","3,910",346,"64,77,104",Massachusetts,"5,247", 21. Tom Brady, 11. Russell Wilson,28.0,22.0,291.0,353.0,3554.0,4219.0
121,11/13/2016,2016,10,False,NO,DEN,NO,-3.0,50,Louisiana Superdome,False,72.0,0.0,,indoor,2016_10_DEN_NO,REG,10,11/13/2016,Sunday,13:00,25,23,-2,Mercedes-Benz Superdome,Home,dome,sportturf,2016111303,False,True,False,False,True,48,Louisiana,Louisiana,"18,173","5,284","2,803","4,958","5,128",187,"45,53,790",Louisiana,"5,514", 2. Drew Brees, 26. Trevor Siemian,39.0,18.0,471.0,289.0,5207.0,3401.0
122,11/13/2016,2016,10,False,NYJ,LA,LAR,-1.0,38.5,MetLife Stadium,False,55.0,4.0,,,2016_10_LA_NYJ,REG,10,11/13/2016,Sunday,13:00,9,6,-3,MetLife Stadium,Home,outdoors,fieldturf,2016111304,False,True,False,False,False,15,New York,New York,"44,896","4,943","11,305","13,527","15,121",549,"1,95,08,097",New York,"22,247", 29. Ryan Fitzpatrick,,12.0,,229.0,,2709.0,
123,11/13/2016,2016,10,False,PHI,ATL,PHI,-1.5,49,Lincoln Financial Field,False,54.0,6.0,,,2016_10_ATL_PHI,REG,10,11/13/2016,Sunday,13:00,15,24,9,Lincoln Financial Field,Home,outdoors,grass,2016111305,True,False,False,True,False,39,Pennsylvania,Pennsylvania,"20,817","4,731","3,033","4,977","8,076","1,241","1,16,91,589",Pennsylvania,"11,764", 22. Carson Wentz, 3. Matt Ryan,18.0,38.0,379.0,373.0,3782.0,4944.0
124,11/13/2016,2016,10,False,PIT,DAL,PIT,-3.0,51,Heinz Field,False,54.0,2.0,,,2016_10_DAL_PIT,REG,10,11/13/2016,Sunday,16:25,35,30,-5,Heinz Field,Home,outdoors,grass,2016111311,False,True,False,False,True,65,Pennsylvania,Pennsylvania,"20,817","4,731","3,033","4,977","8,076","1,241","1,16,91,589",Pennsylvania,"11,764", 17. Ben Roethlisberger, 9. Dak Prescott,30.0,29.0,328.0,311.0,3819.0,3667.0
125,11/13/2016,2016,10,False,TB,CHI,CHI,-2.5,45,Raymond James Stadium,False,77.0,2.0,,,2016_10_CHI_TB,REG,10,11/13/2016,Sunday,13:00,10,36,26,Raymond James Stadium,Home,outdoors,grass,2016111306,True,False,False,False,True,46,Florida,Florida,"59,678","17,506","10,874","21,084","10,214",668,"2,05,66,240",Florida,"20,132", 10. Jameis Winston, 31. Matt Barkley,29.0,8.0,345.0,129.0,4090.0,1611.0
126,11/13/2016,2016,10,False,TEN,GB,GB,-3.0,49,Nissan Stadium,False,55.0,0.0,,,2016_10_GB_TEN,REG,10,11/13/2016,Sunday,13:00,25,47,22,Nissan Stadium,Home,outdoors,grass,2016111307,True,False,False,False,True,72,Tennessee,Tennessee,"30,777","10,924","5,361","11,120","3,372",462,"66,10,985",Tennessee,"7,770", 13. Marcus Mariota, 1. Aaron Rodgers,28.0,44.0,276.0,401.0,3426.0,4428.0
127,11/13/2016,2016,10,False,WAS,MIN,WAS,-2.5,41.5,FedEx Field,False,55.0,4.0,,,2016_10_MIN_WAS,REG,10,11/13/2016,Sunday,13:00,20,26,6,FedExField,Home,outdoors,grass,2016111308,True,False,False,True,False,46,Maryland,Maryland,"14,595","2,474","3,420","5,387","3,314",148,"53,12,551",Maryland,"9,660", 5. Kirk Cousins, 23. Sam Bradford,29.0,20.0,406.0,395.0,4917.0,3877.0
128,11/14/2016,2016,10,False,NYG,CIN,PICK,0.0,49.5,MetLife Stadium,False,54.0,1.0,,,2016_10_CIN_NYG,REG,10,11/14/2016,Monday,20:30,20,21,1,MetLife Stadium,Home,outdoors,fieldturf,2016111400,True,False,False,False,False,41,New York,New York,"44,896","4,943","11,305","13,527","15,121",549,"1,95,08,097",New York,"22,247", 20. Eli Manning, 12. Andy Dalton,26.0,22.0,377.0,364.0,4027.0,4206.0
129,11/17/2016,2016,11,False,CAR,NO,CAR,-3.5,53.5,Bank of America Stadium,False,57.0,2.0,,,2016_11_NO_CAR,REG,11,11/17/2016,Thursday,20:25,20,23,3,Bank of America Stadium,Home,outdoors,grass,2016111700,True,False,False,True,False,43,North Carolina,North Carolina,"15,209","6,878","2,355","3,118","2,858",275,"66,38,699",North Carolina,"5,543", 15. Cam Newton, 2. Drew Brees,24.0,39.0,270.0,471.0,3509.0,5207.0
130,11/20/2016,2016,11,False,CIN,BUF,CIN,-2.5,48,Paul Brown Stadium,False,37.0,7.0,,,2016_11_BUF_CIN,REG,11,11/20/2016,Sunday,13:00,16,12,-4,Paul Brown Stadium,Home,outdoors,fieldturf,2016112000,False,True,False,False,True,28,Ohio,Ohio,"14,648","5,339","2,608","4,218","2,483",472,"97,36,188",Ohio,"11,576", 12. Andy Dalton, 19. Tyrod Taylor,22.0,23.0,364.0,270.0,4206.0,3023.0
131,11/20/2016,2016,11,False,CLE,PIT,PIT,-8.5,45.5,FirstEnergy Stadium,False,35.0,16.0,,,2016_11_PIT_CLE,REG,11,11/20/2016,Sunday,13:00,24,9,-15,FirstEnergy Stadium,Home,outdoors,grass,2016112001,False,True,False,True,False,33,Ohio,Ohio,"14,648","5,339","2,608","4,218","2,483",472,"97,36,188",Ohio,"11,576", 34. Cody Kessler, 17. Ben Roethlisberger,6.0,30.0,128.0,328.0,1380.0,3819.0
132,11/20/2016,2016,11,False,DAL,BAL,DAL,-7.0,44.5,Cowboys Stadium,False,53.0,7.0,,retractable (open roof),2016_11_BAL_DAL,REG,11,11/20/2016,Sunday,13:00,17,27,10,AT&T Stadium,Home,closed,matrixturf,2016112002,True,False,False,True,False,44,Texas,Texas,"71,583","21,222","14,482","22,677","13,202",984,"2,73,40,228",Texas,"33,015", 9. Dak Prescott, 18. Joe Flacco,29.0,22.0,311.0,437.0,3667.0,4317.0
133,11/20/2016,2016,11,False,DET,JAX,DET,-5.5,47,Ford Field,False,72.0,0.0,,indoor,2016_11_JAX_DET,REG,11,11/20/2016,Sunday,13:00,19,26,7,Ford Field,Home,dome,fieldturf,2016112003,True,False,False,True,False,45,Michigan,Michigan,"30,387","8,401","5,521","10,177","6,288",613,"97,57,748",Michigan,"7,067", 7. Matthew Stafford,,26.0,,388.0,,4327.0,
134,11/20/2016,2016,11,False,IND,TEN,IND,-3.0,54,Lucas Oil Stadium,False,72.0,0.0,,indoor,2016_11_TEN_IND,REG,11,11/20/2016,Sunday,13:00,17,24,7,Lucas Oil Stadium,Home,closed,fieldturf,2016112004,True,False,False,True,False,41,Indiana,Indiana,"14,225","3,233","1,506","3,876","5,610",217,"46,63,407",Indiana,"6,883", 4. Andrew Luck, 13. Marcus Mariota,33.0,28.0,346.0,276.0,4240.0,3426.0
135,11/20/2016,2016,11,False,KC,TB,KC,-7.0,45,Arrowhead Stadium,False,43.0,8.0,,,2016_11_TB_KC,REG,11,11/20/2016,Sunday,13:00,19,17,-2,Arrowhead Stadium,Home,outdoors,grass,2016112005,False,True,False,False,True,36,Missouri,Missouri,"21,610","7,914","2,563","5,792","5,341",576,"59,39,159",Missouri,"6,481", 24. Alex Smith, 10. Jameis Winston,20.0,29.0,328.0,345.0,3502.0,4090.0
136,11/20/2016,2016,11,False,LA,MIA,MIA,-1.0,38.5,Los Angeles Memorial Coliseum,False,63.0,4.0,,,2016_11_MIA_LA,REG,11,11/20/2016,Sunday,16:05,14,10,-4,Los Angeles Memorial Coliseum,Home,outdoors,grass,2016112008,False,True,False,True,False,24,California,California,"1,04,295","20,633","17,156","36,031","30,475",732,"3,92,09,622",California,"54,762",, 25. Ryan Tannehill,,20.0,,261.0,,2997.0
137,11/20/2016,2016,11,False,MIN,ARI,MIN,-2.0,40,U.S. Bank Stadium,False,72.0,0.0,,indoor,2016_11_ARI_MIN,REG,11,11/20/2016,Sunday,13:00,24,30,6,U.S. Bank Stadium,Home,dome,sportturf,2016112006,True,False,False,True,False,54,Minnesota,Minnesota,"7,028","1,635","1,239","1,739","2,415",377,"55,19,952",Minnesota,"3,725", 23. Sam Bradford, 14. Carson Palmer,20.0,26.0,395.0,365.0,3877.0,4237.0
138,11/20/2016,2016,11,False,NYG,CHI,NYG,-7.0,41.5,MetLife Stadium,False,40.0,12.0,,,2016_11_CHI_NYG,REG,11,11/20/2016,Sunday,13:00,16,22,6,MetLife Stadium,Home,outdoors,fieldturf,2016112007,True,False,False,True,False,38,New York,New York,"44,896","4,943","11,305","13,527","15,121",549,"1,95,08,097",New York,"22,247", 20. Eli Manning, 31. Matt Barkley,26.0,8.0,377.0,129.0,4027.0,1611.0
139,11/20/2016,2016,11,False,SF,NE,NE,-11.5,51.5,Levi's Stadium,False,61.0,1.0,,rain,2016_11_NE_SF,REG,11,11/20/2016,Sunday,16:25,30,17,-13,Levi's Stadium,Home,outdoors,grass,2016112009,False,True,False,True,False,47,California,California,"1,04,295","20,633","17,156","36,031","30,475",732,"3,92,09,622",California,"54,762", 27. Colin Kaepernick, 21. Tom Brady,18.0,28.0,196.0,291.0,2241.0,3554.0
140,11/20/2016,2016,11,False,SEA,PHI,SEA,-6.5,43,CenturyLink Field,False,51.0,4.0,,,2016_11_PHI_SEA,REG,11,11/20/2016,Sunday,16:25,15,26,11,CenturyLink Field,Home,outdoors,fieldturf,2016112010,True,False,False,True,False,41,Washington,Washington,"12,907","2,708","1,987","4,012","4,200",236,"72,63,284",Washington,"5,596", 11. Russell Wilson, 22. Carson Wentz,22.0,18.0,353.0,379.0,4219.0,3782.0
141,11/20/2016,2016,11,False,WAS,GB,WAS,-3.0,48.5,FedEx Field,False,38.0,15.0,,,2016_11_GB_WAS,REG,11,11/20/2016,Sunday,20:30,24,42,18,FedExField,Home,outdoors,grass,2016112011,True,False,False,True,False,66,Maryland,Maryland,"14,595","2,474","3,420","5,387","3,314",148,"53,12,551",Maryland,"9,660", 5. Kirk Cousins, 1. Aaron Rodgers,29.0,44.0,406.0,401.0,4917.0,4428.0
142,11/24/2016,2016,12,False,DAL,WAS,DAL,-6.0,53.5,Cowboys Stadium,False,69.0,5.0,,retractable (open roof),2016_12_WAS_DAL,REG,12,11/24/2016,Thursday,16:30,26,31,5,AT&T Stadium,Home,closed,matrixturf,2016112401,True,False,False,True,False,57,Texas,Texas,"71,583","21,222","14,482","22,677","13,202",984,"2,73,40,228",Texas,"33,015", 9. Dak Prescott, 5. Kirk Cousins,29.0,29.0,311.0,406.0,3667.0,4917.0
143,11/24/2016,2016,12,False,DET,MIN,DET,-1.5,42,Ford Field,False,72.0,0.0,,indoor,2016_12_MIN_DET,REG,12,11/24/2016,Thursday,12:30,13,16,3,Ford Field,Home,dome,fieldturf,2016112400,True,False,False,True,False,29,Michigan,Michigan,"30,387","8,401","5,521","10,177","6,288",613,"97,57,748",Michigan,"7,067", 7. Matthew Stafford, 23. Sam Bradford,26.0,20.0,388.0,395.0,4327.0,3877.0
144,11/24/2016,2016,12,False,IND,PIT,PIT,-8.5,49.5,Lucas Oil Stadium,False,72.0,0.0,,indoor,2016_12_PIT_IND,REG,12,11/24/2016,Thursday,20:30,28,7,-21,Lucas Oil Stadium,Home,closed,fieldturf,2016112402,False,True,False,True,False,35,Indiana,Indiana,"14,225","3,233","1,506","3,876","5,610",217,"46,63,407",Indiana,"6,883", 4. Andrew Luck, 17. Ben Roethlisberger,33.0,30.0,346.0,328.0,4240.0,3819.0
145,11/27/2016,2016,12,False,ATL,ARI,ATL,-4.0,49,Georgia Dome,False,72.0,0.0,,indoor,2016_12_ARI_ATL,REG,12,11/27/2016,Sunday,13:00,19,38,19,Georgia Dome,Home,dome,fieldturf,2016112700,True,False,False,True,False,57,Georgia,Georgia,"22,896","8,329","3,204","5,867","5,496",504,"96,39,636",Georgia,"11,935", 3. Matt Ryan, 14. Carson Palmer,38.0,26.0,373.0,365.0,4944.0,4237.0
146,11/27/2016,2016,12,False,BAL,CIN,BAL,-3.5,42,M&T Bank Stadium,False,49.0,8.0,,,2016_12_CIN_BAL,REG,12,11/27/2016,Sunday,13:00,14,19,5,M&T Bank Stadium,Home,outdoors,grass,2016112701,True,False,False,True,False,33,Maryland,Maryland,"14,595","2,474","3,420","5,387","3,314",148,"53,12,551",Maryland,"9,660", 18. Joe Flacco, 12. Andy Dalton,22.0,22.0,437.0,364.0,4317.0,4206.0
147,11/27/2016,2016,12,False,BUF,JAX,BUF,-8.5,44,New Era Field,False,38.0,6.0,,,2016_12_JAX_BUF,REG,12,11/27/2016,Sunday,13:00,21,28,7,New Era Field,Home,outdoors,a_turf,2016112702,True,False,False,True,False,49,New York,New York,"44,896","4,943","11,305","13,527","15,121",549,"1,95,08,097",New York,"22,247", 19. Tyrod Taylor,,23.0,,270.0,,3023.0,
148,11/27/2016,2016,12,False,CHI,TEN,TEN,-6.5,42,Soldier Field,False,38.0,5.0,,fog,2016_12_TEN_CHI,REG,12,11/27/2016,Sunday,13:00,27,21,-6,Soldier Field,Home,outdoors,grass,2016112703,False,True,False,True,False,48,Illinois,,,,,,,,,,, 31. Matt Barkley, 13. Marcus Mariota,8.0,28.0,129.0,276.0,1611.0,3426.0
149,11/27/2016,2016,12,False,CLE,NYG,NYG,-6.5,46.5,FirstEnergy Stadium,False,46.0,10.0,,,2016_12_NYG_CLE,REG,12,11/27/2016,Sunday,13:00,27,13,-14,FirstEnergy Stadium,Home,outdoors,grass,2016112704,False,True,False,True,False,40,Ohio,Ohio,"14,648","5,339","2,608","4,218","2,483",472,"97,36,188",Ohio,"11,576", 34. Cody Kessler, 20. Eli Manning,6.0,26.0,128.0,377.0,1380.0,4027.0
150,11/27/2016,2016,12,False,DEN,KC,DEN,-3.5,40,Sports Authority Field at Mile High,False,44.0,6.0,,,2016_12_KC_DEN,REG,12,11/27/2016,Sunday,20:30,30,27,-3,Sports Authority Field at Mile High,Home,outdoors,grass,2016112709,False,True,False,False,True,57,Colorado,Colorado,"11,271","3,590","2,651","2,778","2,252",197,"51,09,023",Colorado,"3,432", 26. Trevor Siemian, 24. Alex Smith,18.0,20.0,289.0,328.0,3401.0,3502.0
151,11/27/2016,2016,12,False,MIA,SF,MIA,-7.0,45,Sun Life Stadium,False,79.0,10.0,,,2016_12_SF_MIA,REG,12,11/27/2016,Sunday,13:00,24,31,7,Hard Rock Stadium,Home,outdoors,grass,2016112706,True,False,False,True,False,55,Florida,Florida,"59,678","17,506","10,874","21,084","10,214",668,"2,05,66,240",Florida,"20,132", 25. Ryan Tannehill, 27. Colin Kaepernick,20.0,18.0,261.0,196.0,2997.0,2241.0
152,11/27/2016,2016,12,False,NO,LA,NO,-8.0,45,Louisiana Superdome,False,72.0,0.0,,indoor,2016_12_LA_NO,REG,12,11/27/2016,Sunday,13:00,21,49,28,Mercedes-Benz Superdome,Home,dome,sportturf,2016112707,True,False,False,True,False,70,Louisiana,Louisiana,"18,173","5,284","2,803","4,958","5,128",187,"45,53,790",Louisiana,"5,514", 2. Drew Brees,,39.0,,471.0,,5207.0,
153,11/27/2016,2016,12,False,NYJ,NE,NE,-9.5,48.5,MetLife Stadium,False,48.0,8.0,,,2016_12_NE_NYJ,REG,12,11/27/2016,Sunday,16:25,22,17,-5,MetLife Stadium,Home,outdoors,fieldturf,2016112711,False,True,False,True,False,39,New York,New York,"44,896","4,943","11,305","13,527","15,121",549,"1,95,08,097",New York,"22,247", 29. Ryan Fitzpatrick, 21. Tom Brady,12.0,28.0,229.0,291.0,2709.0,3554.0
154,11/27/2016,2016,12,False,TB,SEA,SEA,-5.5,46,Raymond James Stadium,False,78.0,7.0,,,2016_12_SEA_TB,REG,12,11/27/2016,Sunday,16:05,5,14,9,Raymond James Stadium,Home,outdoors,grass,2016112708,True,False,False,False,True,19,Florida,Florida,"59,678","17,506","10,874","21,084","10,214",668,"2,05,66,240",Florida,"20,132", 10. Jameis Winston, 11. Russell Wilson,29.0,22.0,345.0,353.0,4090.0,4219.0
155,11/28/2016,2016,12,False,PHI,GB,PHI,-4.0,47.5,Lincoln Financial Field,False,47.0,4.0,,,2016_12_GB_PHI,REG,12,11/28/2016,Monday,20:30,27,13,-14,Lincoln Financial Field,Home,outdoors,grass,2016112800,False,True,False,False,True,40,Pennsylvania,Pennsylvania,"20,817","4,731","3,033","4,977","8,076","1,241","1,16,91,589",Pennsylvania,"11,764", 22. Carson Wentz, 1. Aaron Rodgers,18.0,44.0,379.0,401.0,3782.0,4428.0
156,12/1/2016,2016,13,False,MIN,DAL,DAL,-3.0,43.5,U.S. Bank Stadium,False,72.0,0.0,,indoor,2016_13_DAL_MIN,REG,13,12/1/2016,Thursday,20:25,17,15,-2,U.S. Bank Stadium,Home,dome,sportturf,2016120100,False,True,False,True,False,32,Minnesota,Minnesota,"7,028","1,635","1,239","1,739","2,415",377,"55,19,952",Minnesota,"3,725", 23. Sam Bradford, 9. Dak Prescott,20.0,29.0,395.0,311.0,3877.0,3667.0
157,12/4/2016,2016,13,False,ARI,WAS,ARI,-2.5,48.5,University of Phoenix Stadium,False,72.0,0.0,,indoor,2016_13_WAS_ARI,REG,13,12/4/2016,Sunday,16:25,23,31,8,University of Phoenix Stadium,Home,closed,grass,2016120409,True,False,False,True,False,54,Arizona,Arizona,"19,232","5,024","2,822","4,559","6,827",90,"65,14,042",Arizona,"6,882", 14. Carson Palmer, 5. Kirk Cousins,26.0,29.0,365.0,406.0,4237.0,4917.0
158,12/4/2016,2016,13,False,ATL,KC,ATL,-5.0,50,Georgia Dome,False,72.0,0.0,,indoor,2016_13_KC_ATL,REG,13,12/4/2016,Sunday,13:00,29,28,-1,Georgia Dome,Home,dome,fieldturf,2016120400,False,True,False,False,True,57,Georgia,Georgia,"22,896","8,329","3,204","5,867","5,496",504,"96,39,636",Georgia,"11,935", 3. Matt Ryan, 24. Alex Smith,38.0,20.0,373.0,328.0,4944.0,3502.0
159,12/4/2016,2016,13,False,BAL,MIA,BAL,-3.5,41.5,M&T Bank Stadium,False,45.0,3.0,,,2016_13_MIA_BAL,REG,13,12/4/2016,Sunday,13:00,6,38,32,M&T Bank Stadium,Home,outdoors,grass,2016120401,True,False,False,True,False,44,Maryland,Maryland,"14,595","2,474","3,420","5,387","3,314",148,"53,12,551",Maryland,"9,660", 18. Joe Flacco, 25. Ryan Tannehill,22.0,20.0,437.0,261.0,4317.0,2997.0
160,12/4/2016,2016,13,False,CHI,SF,SF,-1.0,44,Soldier Field,False,35.0,5.0,,rain,2016_13_SF_CHI,REG,13,12/4/2016,Sunday,13:00,6,26,20,Soldier Field,Home,outdoors,grass,2016120402,True,False,False,False,True,32,Illinois,,,,,,,,,,, 31. Matt Barkley, 27. Colin Kaepernick,8.0,18.0,129.0,196.0,1611.0,2241.0
161,12/4/2016,2016,13,False,CIN,PHI,CIN,-1.5,42,Paul Brown Stadium,False,41.0,3.0,,,2016_13_PHI_CIN,REG,13,12/4/2016,Sunday,13:00,14,32,18,Paul Brown Stadium,Home,outdoors,fieldturf,2016120403,True,False,False,True,False,46,Ohio,Ohio,"14,648","5,339","2,608","4,218","2,483",472,"97,36,188",Ohio,"11,576", 12. Andy Dalton, 22. Carson Wentz,22.0,18.0,364.0,379.0,4206.0,3782.0
162,12/4/2016,2016,13,False,GB,HOU,GB,-7.0,44.5,Lambeau Field,False,31.0,4.0,,snow,2016_13_HOU_GB,REG,13,12/4/2016,Sunday,13:00,13,21,8,Lambeau Field,Home,outdoors,grass,2016120404,True,False,False,True,False,34,Wisconsin,Wisconsin,"10,729","2,824","1,175","2,324","4,406",413,"57,30,771",Wisconsin,"4,698", 1. Aaron Rodgers, 28. Brock Osweiler,44.0,17.0,401.0,301.0,4428.0,2957.0
163,12/4/2016,2016,13,False,JAX,DEN,DEN,-3.5,38.5,EverBank Field,False,75.0,3.0,,,2016_13_DEN_JAX,REG,13,12/4/2016,Sunday,13:00,20,10,-10,EverBank Field,Home,outdoors,grass,2016120405,False,True,False,True,False,30,Florida,Florida,"59,678","17,506","10,874","21,084","10,214",668,"2,05,66,240",Florida,"20,132",, 26. Trevor Siemian,,18.0,,289.0,,3401.0
164,12/4/2016,2016,13,False,NE,LA,NE,-13.5,45,Gillette Stadium,False,37.0,7.0,,,2016_13_LA_NE,REG,13,12/4/2016,Sunday,13:00,10,26,16,Gillette Stadium,Home,outdoors,fieldturf,2016120406,True,False,False,True,False,36,Massachusetts,Massachusetts,"17,289","1,940","3,935","7,504","3,910",346,"64,77,104",Massachusetts,"5,247", 21. Tom Brady,,28.0,,291.0,,3554.0,
165,12/4/2016,2016,13,False,NO,DET,NO,-6.5,53.5,Louisiana Superdome,False,72.0,0.0,,indoor,2016_13_DET_NO,REG,13,12/4/2016,Sunday,13:00,28,13,-15,Mercedes-Benz Superdome,Home,dome,sportturf,2016120407,False,True,False,False,True,41,Louisiana,Louisiana,"18,173","5,284","2,803","4,958","5,128",187,"45,53,790",Louisiana,"5,514", 2. Drew Brees, 7. Matthew Stafford,39.0,26.0,471.0,388.0,5207.0,4327.0
166,12/4/2016,2016,13,False,PIT,NYG,PIT,-6.5,49.5,Heinz Field,False,40.0,2.0,,,2016_13_NYG_PIT,REG,13,12/4/2016,Sunday,16:25,14,24,10,Heinz Field,Home,outdoors,grass,2016120410,True,False,False,True,False,38,Pennsylvania,Pennsylvania,"20,817","4,731","3,033","4,977","8,076","1,241","1,16,91,589",Pennsylvania,"11,764", 17. Ben Roethlisberger, 20. Eli Manning,30.0,26.0,328.0,377.0,3819.0,4027.0
167,12/4/2016,2016,13,False,SEA,CAR,SEA,-8.5,44,CenturyLink Field,False,41.0,1.0,,,2016_13_CAR_SEA,REG,13,12/4/2016,Sunday,20:30,7,40,33,CenturyLink Field,Home,outdoors,fieldturf,2016120412,True,False,False,True,False,47,Washington,Washington,"12,907","2,708","1,987","4,012","4,200",236,"72,63,284",Washington,"5,596", 11. Russell Wilson, 15. Cam Newton,22.0,24.0,353.0,270.0,4219.0,3509.0
168,12/5/2016,2016,13,False,NYJ,IND,NYJ,-1.0,48.5,MetLife Stadium,False,43.0,2.0,,,2016_13_IND_NYJ,REG,13,12/5/2016,Monday,20:30,41,10,-31,MetLife Stadium,Home,outdoors,fieldturf,2016120500,False,True,False,False,True,51,New York,New York,"44,896","4,943","11,305","13,527","15,121",549,"1,95,08,097",New York,"22,247", 29. Ryan Fitzpatrick, 4. Andrew Luck,12.0,33.0,229.0,346.0,2709.0,4240.0
169,12/11/2016,2016,14,False,BUF,PIT,PIT,-2.0,45.5,New Era Field,False,24.0,6.0,,snow,2016_14_PIT_BUF,REG,14,12/11/2016,Sunday,13:00,27,20,-7,New Era Field,Home,outdoors,a_turf,2016121100,False,True,False,True,False,47,New York,New York,"44,896","4,943","11,305","13,527","15,121",549,"1,95,08,097",New York,"22,247", 19. Tyrod Taylor, 17. Ben Roethlisberger,23.0,30.0,270.0,328.0,3023.0,3819.0
170,12/11/2016,2016,14,False,CLE,CIN,CIN,-5.0,41.5,FirstEnergy Stadium,False,28.0,13.0,,snow,2016_14_CIN_CLE,REG,14,12/11/2016,Sunday,13:00,23,10,-13,FirstEnergy Stadium,Home,outdoors,grass,2016121102,False,True,False,True,False,33,Ohio,Ohio,"14,648","5,339","2,608","4,218","2,483",472,"97,36,188",Ohio,"11,576", 34. Cody Kessler, 12. Andy Dalton,6.0,22.0,128.0,364.0,1380.0,4206.0
171,12/11/2016,2016,14,False,DET,CHI,DET,-7.5,42,Ford Field,False,72.0,0.0,,indoor,2016_14_CHI_DET,REG,14,12/11/2016,Sunday,13:00,17,20,3,Ford Field,Home,dome,fieldturf,2016121103,True,False,False,True,False,37,Michigan,Michigan,"30,387","8,401","5,521","10,177","6,288",613,"97,57,748",Michigan,"7,067", 7. Matthew Stafford, 31. Matt Barkley,26.0,8.0,388.0,129.0,4327.0,1611.0
172,12/11/2016,2016,14,False,GB,SEA,SEA,-3.0,47,Lambeau Field,False,27.0,2.0,,,2016_14_SEA_GB,REG,14,12/11/2016,Sunday,16:25,10,38,28,Lambeau Field,Home,outdoors,grass,2016121111,True,False,False,False,True,48,Wisconsin,Wisconsin,"10,729","2,824","1,175","2,324","4,406",413,"57,30,771",Wisconsin,"4,698", 1. Aaron Rodgers, 11. Russell Wilson,44.0,22.0,401.0,353.0,4428.0,4219.0
173,12/11/2016,2016,14,False,IND,HOU,IND,-6.5,47.5,Lucas Oil Stadium,False,72.0,0.0,,indoor,2016_14_HOU_IND,REG,14,12/11/2016,Sunday,13:00,22,17,-5,Lucas Oil Stadium,Home,closed,fieldturf,2016121104,False,True,False,False,True,39,Indiana,Indiana,"14,225","3,233","1,506","3,876","5,610",217,"46,63,407",Indiana,"6,883", 4. Andrew Luck, 28. Brock Osweiler,33.0,17.0,346.0,301.0,4240.0,2957.0
174,12/11/2016,2016,14,False,JAX,MIN,MIN,-3.5,38,EverBank Field,False,66.0,1.0,,,2016_14_MIN_JAX,REG,14,12/11/2016,Sunday,13:00,25,16,-9,EverBank Field,Home,outdoors,grass,2016121105,False,True,False,True,False,41,Florida,Florida,"59,678","17,506","10,874","21,084","10,214",668,"2,05,66,240",Florida,"20,132",, 23. Sam Bradford,,20.0,,395.0,,3877.0
175,12/11/2016,2016,14,False,LA,ATL,ATL,-5.0,44,Los Angeles Memorial Coliseum,False,64.0,2.0,,,2016_14_ATL_LA,REG,14,12/11/2016,Sunday,16:25,42,14,-28,Los Angeles Memorial Coliseum,Home,outdoors,grass,2016121112,False,True,False,True,False,56,California,California,"1,04,295","20,633","17,156","36,031","30,475",732,"3,92,09,622",California,"54,762",, 3. Matt Ryan,,38.0,,373.0,,4944.0
176,12/11/2016,2016,14,False,MIA,ARI,ARI,-2.0,44,Sun Life Stadium,False,75.0,15.0,,,2016_14_ARI_MIA,REG,14,12/11/2016,Sunday,13:00,23,26,3,Hard Rock Stadium,Home,outdoors,grass,2016121106,True,False,False,False,True,49,Florida,Florida,"59,678","17,506","10,874","21,084","10,214",668,"2,05,66,240",Florida,"20,132", 25. Ryan Tannehill, 14. Carson Palmer,20.0,26.0,261.0,365.0,2997.0,4237.0
177,12/11/2016,2016,14,False,NYG,DAL,DAL,-3.5,47,MetLife Stadium,False,30.0,2.0,,,2016_14_DAL_NYG,REG,14,12/11/2016,Sunday,20:30,7,10,3,MetLife Stadium,Home,outdoors,fieldturf,2016121113,True,False,False,False,True,17,New York,New York,"44,896","4,943","11,305","13,527","15,121",549,"1,95,08,097",New York,"22,247", 20. Eli Manning, 9. Dak Prescott,26.0,29.0,377.0,311.0,4027.0,3667.0
178,12/11/2016,2016,14,False,PHI,WAS,WAS,-2.5,48.5,Lincoln Financial Field,False,33.0,2.0,,,2016_14_WAS_PHI,REG,14,12/11/2016,Sunday,13:00,27,22,-5,Lincoln Financial Field,Home,outdoors,grass,2016121107,False,True,False,True,False,49,Pennsylvania,Pennsylvania,"20,817","4,731","3,033","4,977","8,076","1,241","1,16,91,589",Pennsylvania,"11,764", 22. Carson Wentz, 5. Kirk Cousins,18.0,29.0,379.0,406.0,3782.0,4917.0
179,12/11/2016,2016,14,False,SF,NYJ,SF,-3.0,43,Levi's Stadium,False,53.0,3.0,,,2016_14_NYJ_SF,REG,14,12/11/2016,Sunday,16:05,23,17,-6,Levi's Stadium,Home,outdoors,grass,2016121110,False,True,False,False,True,40,California,California,"1,04,295","20,633","17,156","36,031","30,475",732,"3,92,09,622",California,"54,762", 27. Colin Kaepernick, 29. Ryan Fitzpatrick,18.0,12.0,196.0,229.0,2241.0,2709.0
180,12/11/2016,2016,14,False,TB,NO,TB,-2.0,52,Raymond James Stadium,False,75.0,9.0,,,2016_14_NO_TB,REG,14,12/11/2016,Sunday,16:25,11,16,5,Raymond James Stadium,Home,outdoors,grass,2016121108,True,False,False,True,False,27,Florida,Florida,"59,678","17,506","10,874","21,084","10,214",668,"2,05,66,240",Florida,"20,132", 10. Jameis Winston, 2. Drew Brees,29.0,39.0,345.0,471.0,4090.0,5207.0
181,12/11/2016,2016,14,False,TEN,DEN,TEN,-2.0,44,Nissan Stadium,False,48.0,11.0,,,2016_14_DEN_TEN,REG,14,12/11/2016,Sunday,13:00,10,13,3,Nissan Stadium,Home,outdoors,grass,2016121109,True,False,False,True,False,23,Tennessee,Tennessee,"30,777","10,924","5,361","11,120","3,372",462,"66,10,985",Tennessee,"7,770", 13. Marcus Mariota, 26. Trevor Siemian,28.0,18.0,276.0,289.0,3426.0,3401.0
182,12/12/2016,2016,14,False,NE,BAL,NE,-6.0,45,Gillette Stadium,False,33.0,1.0,,,2016_14_BAL_NE,REG,14,12/12/2016,Monday,20:30,23,30,7,Gillette Stadium,Home,outdoors,fieldturf,2016121200,True,False,False,True,False,53,Massachusetts,Massachusetts,"17,289","1,940","3,935","7,504","3,910",346,"64,77,104",Massachusetts,"5,247", 21. Tom Brady, 18. Joe Flacco,28.0,22.0,291.0,437.0,3554.0,4317.0
183,12/15/2016,2016,15,False,SEA,LA,SEA,-15.0,39.5,CenturyLink Field,False,35.0,3.0,,,2016_15_LA_SEA,REG,15,12/15/2016,Thursday,20:25,3,24,21,CenturyLink Field,Home,outdoors,fieldturf,2016121500,True,False,False,True,False,27,Washington,Washington,"12,907","2,708","1,987","4,012","4,200",236,"72,63,284",Washington,"5,596", 11. Russell Wilson,,22.0,,353.0,,4219.0,
184,12/17/2016,2016,15,False,NYJ,MIA,MIA,-2.5,40,MetLife Stadium,False,34.0,3.0,,,2016_15_MIA_NYJ,REG,15,12/17/2016,Saturday,20:25,34,13,-21,MetLife Stadium,Home,outdoors,fieldturf,2016121700,False,True,False,True,False,47,New York,New York,"44,896","4,943","11,305","13,527","15,121",549,"1,95,08,097",New York,"22,247", 29. Ryan Fitzpatrick, 25. Ryan Tannehill,12.0,20.0,229.0,261.0,2709.0,2997.0
185,12/18/2016,2016,15,False,ARI,NO,ARI,-3.0,48.5,University of Phoenix Stadium,False,72.0,0.0,,indoor,2016_15_NO_ARI,REG,15,12/18/2016,Sunday,16:05,48,41,-7,University of Phoenix Stadium,Home,closed,grass,2016121808,False,True,False,False,True,89,Arizona,Arizona,"19,232","5,024","2,822","4,559","6,827",90,"65,14,042",Arizona,"6,882", 14. Carson Palmer, 2. Drew Brees,26.0,39.0,365.0,471.0,4237.0,5207.0
186,12/18/2016,2016,15,False,ATL,SF,ATL,-13.5,51.5,Georgia Dome,False,72.0,0.0,,indoor,2016_15_SF_ATL,REG,15,12/18/2016,Sunday,16:05,13,41,28,Georgia Dome,Home,dome,fieldturf,2016121809,True,False,False,True,False,54,Georgia,Georgia,"22,896","8,329","3,204","5,867","5,496",504,"96,39,636",Georgia,"11,935", 3. Matt Ryan, 27. Colin Kaepernick,38.0,18.0,373.0,196.0,4944.0,2241.0
187,12/18/2016,2016,15,False,BAL,PHI,BAL,-5.0,41,M&T Bank Stadium,False,58.0,6.0,,rain,2016_15_PHI_BAL,REG,15,12/18/2016,Sunday,13:00,26,27,1,M&T Bank Stadium,Home,outdoors,grass,2016121800,True,False,False,True,False,53,Maryland,Maryland,"14,595","2,474","3,420","5,387","3,314",148,"53,12,551",Maryland,"9,660", 18. Joe Flacco, 22. Carson Wentz,22.0,18.0,437.0,379.0,4317.0,3782.0
188,12/18/2016,2016,15,False,BUF,CLE,BUF,-10.5,43,New Era Field,False,25.0,12.0,,,2016_15_CLE_BUF,REG,15,12/18/2016,Sunday,13:00,13,33,20,New Era Field,Home,outdoors,a_turf,2016121801,True,False,False,True,False,46,New York,New York,"44,896","4,943","11,305","13,527","15,121",549,"1,95,08,097",New York,"22,247", 19. Tyrod Taylor, 34. Cody Kessler,23.0,6.0,270.0,128.0,3023.0,1380.0
189,12/18/2016,2016,15,False,CHI,GB,GB,-4.5,40,Soldier Field,False,9.0,7.0,,,2016_15_GB_CHI,REG,15,12/18/2016,Sunday,13:00,30,27,-3,Soldier Field,Home,outdoors,grass,2016121802,False,True,False,True,False,57,Illinois,,,,,,,,,,, 31. Matt Barkley, 1. Aaron Rodgers,8.0,44.0,129.0,401.0,1611.0,4428.0
190,12/18/2016,2016,15,False,CIN,PIT,PIT,-3.0,45.5,Paul Brown Stadium,False,26.0,7.0,,,2016_15_PIT_CIN,REG,15,12/18/2016,Sunday,13:00,24,20,-4,Paul Brown Stadium,Home,outdoors,fieldturf,2016121812,False,True,False,True,False,44,Ohio,Ohio,"14,648","5,339","2,608","4,218","2,483",472,"97,36,188",Ohio,"11,576", 12. Andy Dalton, 17. Ben Roethlisberger,22.0,30.0,364.0,328.0,4206.0,3819.0
191,12/18/2016,2016,15,False,DAL,TB,DAL,-7.0,47.5,Cowboys Stadium,False,26.0,7.0,,retractable (open roof),2016_15_TB_DAL,REG,15,12/18/2016,Sunday,20:30,20,26,6,AT&T Stadium,Home,closed,matrixturf,2016121803,True,False,False,True,False,46,Texas,Texas,"71,583","21,222","14,482","22,677","13,202",984,"2,73,40,228",Texas,"33,015", 9. Dak Prescott, 10. Jameis Winston,29.0,29.0,311.0,345.0,3667.0,4090.0
192,12/18/2016,2016,15,False,DEN,NE,NE,-3.0,43,Sports Authority Field at Mile High,False,27.0,3.0,,,2016_15_NE_DEN,REG,15,12/18/2016,Sunday,16:25,16,3,-13,Sports Authority Field at Mile High,Home,outdoors,grass,2016121810,False,True,False,True,False,19,Colorado,Colorado,"11,271","3,590","2,651","2,778","2,252",197,"51,09,023",Colorado,"3,432", 26. Trevor Siemian, 21. Tom Brady,18.0,28.0,289.0,291.0,3401.0,3554.0
193,12/18/2016,2016,15,False,HOU,JAX,HOU,-3.5,39.5,Reliant Stadium,False,37.0,11.0,,retractable (open roof),2016_15_JAX_HOU,REG,15,12/18/2016,Sunday,13:00,20,21,1,NRG Stadium,Home,closed,fieldturf,2016121804,True,False,False,True,False,41,Texas,Texas,"71,583","21,222","14,482","22,677","13,202",984,"2,73,40,228",Texas,"33,015", 28. Brock Osweiler,,17.0,,301.0,,2957.0,
194,12/18/2016,2016,15,False,KC,TEN,KC,-6.0,43,Arrowhead Stadium,False,2.0,2.0,,,2016_15_TEN_KC,REG,15,12/18/2016,Sunday,13:00,19,17,-2,Arrowhead Stadium,Home,outdoors,grass,2016121805,False,True,False,False,True,36,Missouri,Missouri,"21,610","7,914","2,563","5,792","5,341",576,"59,39,159",Missouri,"6,481", 24. Alex Smith, 13. Marcus Mariota,20.0,28.0,328.0,276.0,3502.0,3426.0
195,12/18/2016,2016,15,False,MIN,IND,MIN,-5.0,44.5,U.S. Bank Stadium,False,72.0,0.0,,indoor,2016_15_IND_MIN,REG,15,12/18/2016,Sunday,13:00,34,6,-28,U.S. Bank Stadium,Home,dome,sportturf,2016121806,False,True,False,False,True,40,Minnesota,Minnesota,"7,028","1,635","1,239","1,739","2,415",377,"55,19,952",Minnesota,"3,725", 23. Sam Bradford, 4. Andrew Luck,20.0,33.0,395.0,346.0,3877.0,4240.0
196,12/18/2016,2016,15,False,NYG,DET,NYG,-4.0,42.5,MetLife Stadium,False,48.0,4.0,,,2016_15_DET_NYG,REG,15,12/18/2016,Sunday,13:00,6,17,11,MetLife Stadium,Home,outdoors,fieldturf,2016121807,True,False,False,True,False,23,New York,New York,"44,896","4,943","11,305","13,527","15,121",549,"1,95,08,097",New York,"22,247", 20. Eli Manning, 7. Matthew Stafford,26.0,26.0,377.0,388.0,4027.0,4327.0
197,12/19/2016,2016,15,False,WAS,CAR,WAS,-7.0,50.5,FedEx Field,False,30.0,3.0,,,2016_15_CAR_WAS,REG,15,12/19/2016,Monday,20:30,26,15,-11,FedExField,Home,outdoors,grass,2016121900,False,True,False,False,True,41,Maryland,Maryland,"14,595","2,474","3,420","5,387","3,314",148,"53,12,551",Maryland,"9,660", 5. Kirk Cousins, 15. Cam Newton,29.0,24.0,406.0,270.0,4917.0,3509.0
198,12/22/2016,2016,16,False,PHI,NYG,PHI,-1.5,42.5,Lincoln Financial Field,False,41.0,8.0,,,2016_16_NYG_PHI,REG,16,12/22/2016,Thursday,20:25,19,24,5,Lincoln Financial Field,Home,outdoors,grass,2016122200,True,False,False,True,False,43,Pennsylvania,Pennsylvania,"20,817","4,731","3,033","4,977","8,076","1,241","1,16,91,589",Pennsylvania,"11,764", 22. Carson Wentz, 20. Eli Manning,18.0,26.0,379.0,377.0,3782.0,4027.0
199,12/24/2016,2016,16,False,BUF,MIA,BUF,-4.5,44.5,New Era Field,False,35.0,7.0,,,2016_16_MIA_BUF,REG,16,12/24/2016,Saturday,13:00,34,31,-3,New Era Field,Home,outdoors,a_turf,2016122400,False,True,False,False,True,65,New York,New York,"44,896","4,943","11,305","13,527","15,121",549,"1,95,08,097",New York,"22,247", 19. Tyrod Taylor, 25. Ryan Tannehill,23.0,20.0,270.0,261.0,3023.0,2997.0
200,12/24/2016,2016,16,False,CAR,ATL,ATL,-3.0,49,Bank of America Stadium,False,52.0,4.0,,,2016_16_ATL_CAR,REG,16,12/24/2016,Saturday,13:00,33,16,-17,Bank of America Stadium,Home,outdoors,grass,2016122401,False,True,False,True,False,49,North Carolina,North Carolina,"15,209","6,878","2,355","3,118","2,858",275,"66,38,699",North Carolina,"5,543", 15. Cam Newton, 3. Matt Ryan,24.0,38.0,270.0,373.0,3509.0,4944.0
201,12/24/2016,2016,16,False,CHI,WAS,WAS,-3.0,49,Soldier Field,False,35.0,1.0,,,2016_16_WAS_CHI,REG,16,12/24/2016,Saturday,13:00,41,21,-20,Soldier Field,Home,outdoors,grass,2016122402,False,True,False,True,False,62,Illinois,,,,,,,,,,, 31. Matt Barkley, 5. Kirk Cousins,8.0,29.0,129.0,406.0,1611.0,4917.0
202,12/24/2016,2016,16,False,GB,MIN,GB,-6.0,44.5,Lambeau Field,False,35.0,4.0,,,2016_16_MIN_GB,REG,16,12/24/2016,Saturday,13:00,25,38,13,Lambeau Field,Home,outdoors,grass,2016122404,True,False,False,True,False,63,Wisconsin,Wisconsin,"10,729","2,824","1,175","2,324","4,406",413,"57,30,771",Wisconsin,"4,698", 1. Aaron Rodgers, 23. Sam Bradford,44.0,20.0,401.0,395.0,4428.0,3877.0
203,12/24/2016,2016,16,False,HOU,CIN,HOU,-3.0,41.5,Reliant Stadium,False,72.0,8.0,,retractable (open roof),2016_16_CIN_HOU,REG,16,12/24/2016,Saturday,20:25,10,12,2,NRG Stadium,Home,closed,fieldturf,2016122411,True,False,False,True,False,22,Texas,Texas,"71,583","21,222","14,482","22,677","13,202",984,"2,73,40,228",Texas,"33,015", 28. Brock Osweiler, 12. Andy Dalton,17.0,22.0,301.0,364.0,2957.0,4206.0
204,12/24/2016,2016,16,False,JAX,TEN,TEN,-4.0,44,EverBank Field,False,65.0,2.0,,,2016_16_TEN_JAX,REG,16,12/24/2016,Saturday,13:00,17,38,21,EverBank Field,Home,outdoors,grass,2016122405,True,False,False,False,True,55,Florida,Florida,"59,678","17,506","10,874","21,084","10,214",668,"2,05,66,240",Florida,"20,132",, 13. Marcus Mariota,,28.0,,276.0,,3426.0
205,12/24/2016,2016,16,False,LA,SF,LAR,-6.0,39.5,Los Angeles Memorial Coliseum,False,55.0,7.0,,,2016_16_SF_LA,REG,16,12/24/2016,Saturday,16:25,22,21,-1,Los Angeles Memorial Coliseum,Home,outdoors,grass,2016122409,False,True,False,False,False,43,California,California,"1,04,295","20,633","17,156","36,031","30,475",732,"3,92,09,622",California,"54,762",, 27. Colin Kaepernick,,18.0,,196.0,,2241.0
206,12/24/2016,2016,16,False,NE,NYJ,NE,-17.0,45,Gillette Stadium,False,40.0,4.0,,rain,2016_16_NYJ_NE,REG,16,12/24/2016,Saturday,13:00,3,41,38,Gillette Stadium,Home,outdoors,fieldturf,2016122406,True,False,False,True,False,44,Massachusetts,Massachusetts,"17,289","1,940","3,935","7,504","3,910",346,"64,77,104",Massachusetts,"5,247", 21. Tom Brady, 29. Ryan Fitzpatrick,28.0,12.0,291.0,229.0,3554.0,2709.0
207,12/24/2016,2016,16,False,NO,TB,NO,-3.0,53,Louisiana Superdome,False,72.0,0.0,,indoor,2016_16_TB_NO,REG,16,12/24/2016,Saturday,16:25,24,31,7,Mercedes-Benz Superdome,Home,dome,sportturf,2016122407,True,False,False,True,False,55,Louisiana,Louisiana,"18,173","5,284","2,803","4,958","5,128",187,"45,53,790",Louisiana,"5,514", 2. Drew Brees, 10. Jameis Winston,39.0,29.0,471.0,345.0,5207.0,4090.0
208,12/24/2016,2016,16,False,SEA,ARI,SEA,-9.0,43.5,CenturyLink Field,False,39.0,2.0,,,2016_16_ARI_SEA,REG,16,12/24/2016,Saturday,16:25,34,31,-3,CenturyLink Field,Home,outdoors,fieldturf,2016122410,False,True,False,False,True,65,Washington,Washington,"12,907","2,708","1,987","4,012","4,200",236,"72,63,284",Washington,"5,596", 11. Russell Wilson, 14. Carson Palmer,22.0,26.0,353.0,365.0,4219.0,4237.0
209,12/25/2016,2016,16,False,KC,DEN,KC,-3.5,38,Arrowhead Stadium,False,60.0,11.0,,rain,2016_16_DEN_KC,REG,16,12/25/2016,Sunday,20:30,10,33,23,Arrowhead Stadium,Home,outdoors,grass,2016122501,True,False,False,True,False,43,Missouri,Missouri,"21,610","7,914","2,563","5,792","5,341",576,"59,39,159",Missouri,"6,481", 24. Alex Smith, 26. Trevor Siemian,20.0,18.0,328.0,289.0,3502.0,3401.0
210,12/25/2016,2016,16,False,PIT,BAL,PIT,-5.5,46.5,Heinz Field,False,39.0,4.0,,,2016_16_BAL_PIT,REG,16,12/25/2016,Sunday,16:30,27,31,4,Heinz Field,Home,outdoors,grass,2016122500,True,False,False,True,False,58,Pennsylvania,Pennsylvania,"20,817","4,731","3,033","4,977","8,076","1,241","1,16,91,589",Pennsylvania,"11,764", 17. Ben Roethlisberger, 18. Joe Flacco,30.0,22.0,328.0,437.0,3819.0,4317.0
211,12/26/2016,2016,16,False,DAL,DET,DAL,-6.5,46.5,Cowboys Stadium,False,65.0,0.0,,retractable (open roof),2016_16_DET_DAL,REG,16,12/26/2016,Monday,20:30,21,42,21,AT&T Stadium,Home,closed,matrixturf,2016122600,True,False,False,True,False,63,Texas,Texas,"71,583","21,222","14,482","22,677","13,202",984,"2,73,40,228",Texas,"33,015", 9. Dak Prescott, 7. Matthew Stafford,29.0,26.0,311.0,388.0,3667.0,4327.0
212,1/1/2017,2016,17,False,ATL,NO,ATL,-7.5,58.5,Georgia Dome,False,72.0,0.0,,indoor,2016_17_NO_ATL,REG,17,1/1/2017,Sunday,16:25,32,38,6,Georgia Dome,Home,dome,fieldturf,2017010100,True,False,False,True,False,70,Georgia,Georgia,"22,896","8,329","3,204","5,867","5,496",504,"96,39,636",Georgia,"11,935", 3. Matt Ryan, 2. Drew Brees,38.0,39.0,373.0,471.0,4944.0,5207.0
213,1/1/2017,2016,17,False,CIN,BAL,BAL,-2.5,40.5,Paul Brown Stadium,False,38.0,1.0,,fog,2016_17_BAL_CIN,REG,17,1/1/2017,Sunday,13:00,10,27,17,Paul Brown Stadium,Home,outdoors,fieldturf,2017010101,True,False,False,False,True,37,Ohio,Ohio,"14,648","5,339","2,608","4,218","2,483",472,"97,36,188",Ohio,"11,576", 12. Andy Dalton, 18. Joe Flacco,22.0,22.0,364.0,437.0,4206.0,4317.0
214,1/1/2017,2016,17,False,DET,GB,GB,-3.5,50,Ford Field,False,72.0,0.0,,indoor,2016_17_GB_DET,REG,17,1/1/2017,Sunday,20:30,31,24,-7,Ford Field,Home,dome,fieldturf,2017010102,False,True,False,True,False,55,Michigan,Michigan,"30,387","8,401","5,521","10,177","6,288",613,"97,57,748",Michigan,"7,067", 7. Matthew Stafford, 1. Aaron Rodgers,26.0,44.0,388.0,401.0,4327.0,4428.0
215,1/1/2017,2016,17,False,IND,JAX,IND,-5.5,48.5,Lucas Oil Stadium,False,72.0,0.0,,indoor,2016_17_JAX_IND,REG,17,1/1/2017,Sunday,13:00,20,24,4,Lucas Oil Stadium,Home,closed,fieldturf,2017010103,True,False,False,True,False,44,Indiana,Indiana,"14,225","3,233","1,506","3,876","5,610",217,"46,63,407",Indiana,"6,883", 4. Andrew Luck,,33.0,,346.0,,4240.0,
216,1/1/2017,2016,17,False,LA,ARI,ARI,-7.0,39,Los Angeles Memorial Coliseum,False,56.0,1.0,,,2016_17_ARI_LA,REG,17,1/1/2017,Sunday,16:25,44,6,-38,Los Angeles Memorial Coliseum,Home,outdoors,grass,2017010113,False,True,False,True,False,50,California,California,"1,04,295","20,633","17,156","36,031","30,475",732,"3,92,09,622",California,"54,762",, 14. Carson Palmer,,26.0,,365.0,,4237.0
217,1/1/2017,2016,17,False,MIA,NE,NE,-7.5,47,Sun Life Stadium,False,80.0,10.0,,,2016_17_NE_MIA,REG,17,1/1/2017,Sunday,13:00,35,14,-21,Hard Rock Stadium,Home,outdoors,grass,2017010104,False,True,False,True,False,49,Florida,Florida,"59,678","17,506","10,874","21,084","10,214",668,"2,05,66,240",Florida,"20,132", 25. Ryan Tannehill, 21. Tom Brady,20.0,28.0,261.0,291.0,2997.0,3554.0
218,1/1/2017,2016,17,False,MIN,CHI,MIN,-6.0,44,U.S. Bank Stadium,False,72.0,0.0,,indoor,2016_17_CHI_MIN,REG,17,1/1/2017,Sunday,13:00,10,38,28,U.S. Bank Stadium,Home,dome,sportturf,2017010105,True,False,False,True,False,48,Minnesota,Minnesota,"7,028","1,635","1,239","1,739","2,415",377,"55,19,952",Minnesota,"3,725", 23. Sam Bradford, 31. Matt Barkley,20.0,8.0,395.0,129.0,3877.0,1611.0
219,1/1/2017,2016,17,False,NYJ,BUF,BUF,-3.5,43,MetLife Stadium,False,45.0,8.0,,,2016_17_BUF_NYJ,REG,17,1/1/2017,Sunday,13:00,10,30,20,MetLife Stadium,Home,outdoors,fieldturf,2017010106,True,False,False,False,True,40,New York,New York,"44,896","4,943","11,305","13,527","15,121",549,"1,95,08,097",New York,"22,247", 29. Ryan Fitzpatrick, 19. Tyrod Taylor,12.0,23.0,229.0,270.0,2709.0,3023.0
220,1/1/2017,2016,17,False,PHI,DAL,PHI,-6.5,44,Lincoln Financial Field,False,48.0,6.0,,,2016_17_DAL_PHI,REG,17,1/1/2017,Sunday,13:00,13,27,14,Lincoln Financial Field,Home,outdoors,grass,2017010107,True,False,False,True,False,40,Pennsylvania,Pennsylvania,"20,817","4,731","3,033","4,977","8,076","1,241","1,16,91,589",Pennsylvania,"11,764", 22. Carson Wentz, 9. Dak Prescott,18.0,29.0,379.0,311.0,3782.0,3667.0
221,1/1/2017,2016,17,False,PIT,CLE,PIT,-3.0,41.5,Heinz Field,False,38.0,1.0,,,2016_17_CLE_PIT,REG,17,1/1/2017,Sunday,13:00,24,27,3,Heinz Field,Home,outdoors,grass,2017010108,True,False,False,True,False,51,Pennsylvania,Pennsylvania,"20,817","4,731","3,033","4,977","8,076","1,241","1,16,91,589",Pennsylvania,"11,764", 17. Ben Roethlisberger, 34. Cody Kessler,30.0,6.0,328.0,128.0,3819.0,1380.0
222,1/1/2017,2016,17,False,SF,SEA,SEA,-11.5,45,Levi's Stadium,False,52.0,6.0,,,2016_17_SEA_SF,REG,17,1/1/2017,Sunday,16:25,25,23,-2,Levi's Stadium,Home,outdoors,grass,2017010115,False,True,False,True,False,48,California,California,"1,04,295","20,633","17,156","36,031","30,475",732,"3,92,09,622",California,"54,762", 27. Colin Kaepernick, 11. Russell Wilson,18.0,22.0,196.0,353.0,2241.0,4219.0
223,1/1/2017,2016,17,False,TB,CAR,TB,-3.0,44.5,Raymond James Stadium,False,76.0,7.0,,,2016_17_CAR_TB,REG,17,1/1/2017,Sunday,13:00,16,17,1,Raymond James Stadium,Home,outdoors,grass,2017010109,True,False,False,True,False,33,Florida,Florida,"59,678","17,506","10,874","21,084","10,214",668,"2,05,66,240",Florida,"20,132", 10. Jameis Winston, 15. Cam Newton,29.0,24.0,345.0,270.0,4090.0,3509.0
224,1/1/2017,2016,17,False,TEN,HOU,TEN,-3.0,41.5,Nissan Stadium,False,49.0,2.0,,,2016_17_HOU_TEN,REG,17,1/1/2017,Sunday,13:00,17,24,7,Nissan Stadium,Home,outdoors,grass,2017010110,True,False,False,True,False,41,Tennessee,Tennessee,"30,777","10,924","5,361","11,120","3,372",462,"66,10,985",Tennessee,"7,770", 13. Marcus Mariota, 28. Brock Osweiler,28.0,17.0,276.0,301.0,3426.0,2957.0
225,1/1/2017,2016,17,False,WAS,NYG,WAS,-9.0,47.5,FedEx Field,False,52.0,1.0,,,2016_17_NYG_WAS,REG,17,1/1/2017,Sunday,16:25,19,10,-9,FedExField,Home,outdoors,grass,2017010111,False,True,False,False,True,29,Maryland,Maryland,"14,595","2,474","3,420","5,387","3,314",148,"53,12,551",Maryland,"9,660", 5. Kirk Cousins, 20. Eli Manning,29.0,26.0,406.0,377.0,4917.0,4027.0
226,1/7/2017,2016,Wildcard,True,SEA,DET,SEA,-8.0,45.5,CenturyLink Field,False,38.0,7.0,,,2016_18_DET_SEA,WC,18,1/7/2017,Saturday,20:15,6,26,20,CenturyLink Field,Home,outdoors,fieldturf,2017010701,True,False,False,True,False,32,Washington,Washington,"12,907","2,708","1,987","4,012","4,200",236,"72,63,284",Washington,"5,596", 11. Russell Wilson, 7. Matthew Stafford,22.0,26.0,353.0,388.0,4219.0,4327.0
227,1/8/2017,2016,Wildcard,True,GB,NYG,GB,-5.0,46.5,Lambeau Field,False,14.0,7.0,,,2016_18_NYG_GB,WC,18,1/8/2017,Sunday,16:40,13,38,25,Lambeau Field,Home,outdoors,grass,2017010801,True,False,False,True,False,51,Wisconsin,Wisconsin,"10,729","2,824","1,175","2,324","4,406",413,"57,30,771",Wisconsin,"4,698", 1. Aaron Rodgers, 20. Eli Manning,44.0,26.0,401.0,377.0,4428.0,4027.0
228,1/8/2017,2016,Wildcard,True,PIT,MIA,PIT,-11.0,47.5,Heinz Field,False,17.0,16.0,,,2016_18_MIA_PIT,WC,18,1/8/2017,Sunday,13:05,12,30,18,Heinz Field,Home,outdoors,grass,2017010800,True,False,False,True,False,42,Pennsylvania,Pennsylvania,"20,817","4,731","3,033","4,977","8,076","1,241","1,16,91,589",Pennsylvania,"11,764", 17. Ben Roethlisberger, 25. Ryan Tannehill,30.0,20.0,328.0,261.0,3819.0,2997.0
229,1/14/2017,2016,Division,True,ATL,SEA,ATL,-6.5,51,Georgia Dome,False,72.0,0.0,,indoor,2016_19_SEA_ATL,DIV,19,1/14/2017,Saturday,16:35,20,36,16,Georgia Dome,Home,dome,fieldturf,2017011400,True,False,False,True,False,56,Georgia,Georgia,"22,896","8,329","3,204","5,867","5,496",504,"96,39,636",Georgia,"11,935", 3. Matt Ryan, 11. Russell Wilson,38.0,22.0,373.0,353.0,4944.0,4219.0
230,1/14/2017,2016,Division,True,NE,HOU,NE,-16.0,44,Gillette Stadium,False,28.0,6.0,,,2016_19_HOU_NE,DIV,19,1/14/2017,Saturday,20:15,16,34,18,Gillette Stadium,Home,outdoors,fieldturf,2017011401,True,False,False,True,False,50,Massachusetts,Massachusetts,"17,289","1,940","3,935","7,504","3,910",346,"64,77,104",Massachusetts,"5,247", 21. Tom Brady, 28. Brock Osweiler,28.0,17.0,291.0,301.0,3554.0,2957.0
231,1/15/2017,2016,Division,True,DAL,GB,DAL,-5.5,52.5,Cowboys Stadium,False,72.0,0.0,,indoor,2016_19_GB_DAL,DIV,19,1/15/2017,Sunday,16:40,34,31,-3,AT&T Stadium,Home,closed,matrixturf,2017011501,False,True,False,False,True,65,Texas,Texas,"71,583","21,222","14,482","22,677","13,202",984,"2,73,40,228",Texas,"33,015", 9. Dak Prescott, 1. Aaron Rodgers,29.0,44.0,311.0,401.0,3667.0,4428.0
232,1/15/2017,2016,Division,True,KC,PIT,KC,-2.5,45.5,Arrowhead Stadium,False,33.0,9.0,,,2016_19_PIT_KC,DIV,19,1/15/2017,Sunday,20:20,18,16,-2,Arrowhead Stadium,Home,outdoors,grass,2017011500,False,True,False,False,True,34,Missouri,Missouri,"21,610","7,914","2,563","5,792","5,341",576,"59,39,159",Missouri,"6,481", 24. Alex Smith, 17. Ben Roethlisberger,20.0,30.0,328.0,328.0,3502.0,3819.0
233,1/22/2017,2016,Conference,True,ATL,GB,ATL,-6.5,59.5,Georgia Dome,False,72.0,0.0,,indoor,2016_20_GB_ATL,CON,20,1/22/2017,Sunday,15:05,21,44,23,Georgia Dome,Home,dome,fieldturf,2017012200,True,False,False,True,False,65,Georgia,Georgia,"22,896","8,329","3,204","5,867","5,496",504,"96,39,636",Georgia,"11,935", 3. Matt Ryan, 1. Aaron Rodgers,38.0,44.0,373.0,401.0,4944.0,4428.0
234,1/22/2017,2016,Conference,True,NE,PIT,NE,-5.5,50,Gillette Stadium,False,41.0,10.0,,,2016_20_PIT_NE,CON,20,1/22/2017,Sunday,18:40,17,36,19,Gillette Stadium,Home,outdoors,fieldturf,2017012201,True,False,False,True,False,53,Massachusetts,Massachusetts,"17,289","1,940","3,935","7,504","3,910",346,"64,77,104",Massachusetts,"5,247", 21. Tom Brady, 17. Ben Roethlisberger,28.0,30.0,291.0,328.0,3554.0,3819.0
235,2/5/2017,2016,Superbowl,True,ATL,NE,NE,-3.0,57.5,NRG Stadium,True,72.0,0.0,,indoor,2016_21_NE_ATL,SB,21,2/5/2017,Sunday,18:30,34,28,-6,NRG Stadium,Neutral,closed,fieldturf,2017020500,False,True,False,True,False,62,Georgia,Georgia,"22,896","8,329","3,204","5,867","5,496",504,"96,39,636",Georgia,"11,935", 3. Matt Ryan, 21. Tom Brady,38.0,28.0,373.0,291.0,4944.0,3554.0
